name,postcode,last_processed,changesets
Barangaroo,2000,,
Dawes Point,2000,,
Haymarket,2000,,
Millers Point,2000,,
Sydney,2000,,
The Rocks,2000,,
Ultimo,2007,,
Chippendale,2008,,
Darlington,2008,,
Pyrmont,2009,,
Darlinghurst,2010,,
Surry Hills,2010,,
Elizabeth Bay,2011,,
Potts Point,2011,,
Rushcutters Bay,2011,,
Woolloomooloo,2011,,
Alexandria,2015,,
Beaconsfield,2015,,
Eveleigh,2015,,
Redfern,2016,,
Waterloo,2017,,
Zetland,2017,,
Eastlakes,2018,,
Rosebery,2018,,
Banksmeadow,2019,,
Botany,2019,,
Botany Bay,2019,,
Mascot,2020,,
Centennial Park,2021,,
Moore Park,2021,,
Paddington,2021,,
Bondi Junction,2022,,
Queens Park,2022,,
Bellevue Hill,2023,,
Bronte,2024,,
Waverley,2024,,
Woollahra,2025,,
Bondi,2026,,
Bondi Beach,2026,,
North Bondi,2026,,
Tamarama,2026,,
Darling Point,2027,,
Edgecliff,2027,,
Point Piper,2027,,
Double Bay,2028,,
Rose Bay,2029,,
Dover Heights,2030,,
Vaucluse,2030,,
Watsons Bay,2030,,
Clovelly,2031,,
Randwick,2031,,
Daceyville,2032,,
Kingsford,2032,,
Kensington,2033,,
Coogee,2034,,
South Coogee,2034,,
Maroubra,2035,,
Pagewood,2035,,
Chifley,2036,,
Eastgardens,2036,,
Hillsdale,2036,,
La Perouse,2036,,
Little Bay,2036,,
Malabar,2036,,
Matraville,2036,,
Phillip Bay,2036,,
Port Botany,2036,,
Forest Lodge,2037,,
Glebe,2037,,
Annandale,2038,,
Rozelle,2039,,
Leichhardt,2040,,
Lilyfield,2040,,
Balmain,2041,,
Balmain East,2041,,
Birchgrove,2041,,
Enmore,2042,,
Newtown,2042,,
Erskineville,2043,,
St Peters,2044,,
Sydenham,2044,,
Tempe,2044,,
Haberfield,2045,,
Abbotsford,2046,,
Canada Bay,2046,,
Chiswick,2046,,
Five Dock,2046,,
Rodd Point,2046,,
Russell Lea,2046,,
Wareemba,2046,,
Drummoyne,2047,,
Stanmore,2048,,
Lewisham,2049,,
Petersham,2049,,
Camperdown,2050,,
Lavender Bay,2060,,
McMahons Point,2060,,
North Sydney,2060,,
Waverton,2060,,
Kirribilli,2061,,
Milsons Point,2061,,
Cammeray,2062,,
Northbridge,2063,,
Artarmon,2064,,
Crows Nest,2065,,
Greenwich,2065,,
Naremburn,2065,,
St Leonards,2065,,
Wollstonecraft,2065,,
Lane Cove,2066,,
Lane Cove North,2066,,
Lane Cove West,2066,,
Linley Point,2066,,
Longueville,2066,,
Northwood,2066,,
Riverview,2066,,
Chatswood,2067,,
Chatswood West,2067,,
Castlecrag,2068,,
Middle Cove,2068,,
North Willoughby,2068,,
Willoughby,2068,,
Willoughby East,2068,,
Castle Cove,2069,,
Roseville,2069,,
Roseville Chase,2069,,
East Lindfield,2070,,
Lindfield,2070,,
East Killara,2071,,
Killara,2071,,
Gordon,2072,,
Pymble,2073,,
West Pymble,2073,,
North Turramurra,2074,,
South Turramurra,2074,,
Turramurra,2074,,
Warrawee,2074,,
St Ives,2075,,
St Ives Chase,2075,,
Normanhurst,2076,2020-10-15,92514206
North Wahroonga,2076,,
Wahroonga,2076,,
Asquith,2077,,
Hornsby,2077,,
Hornsby Heights,2077,,
Waitara,2077,,
Mount Colah,2079,,
Mount Kuring-Gai,2080,,
Berowra,2081,,
Cowan,2081,,
Berowra Heights,2082,,
Berowra Waters,2082,,
Bar Point,2083,,
Brooklyn,2083,,
Cheero Point,2083,,
Cogra Bay,2083,,
Dangar Island,2083,,
Milsons Passage,2083,,
Mooney Mooney,2083,,
Cottage Point,2084,,
Duffys Forest,2084,,
Terrey Hills,2084,,
Belrose,2085,,
Davidson,2085,,
Frenchs Forest,2086,,
Forestville,2087,,
Killarney Heights,2087,,
Middle Harbour,2087,,
Mosman,2088,,
Kurraba Point,2089,,
Neutral Bay,2089,,
Cremorne,2090,,
Cremorne Point,2090,,
Seaforth,2092,,
Balgowlah,2093,,
Balgowlah Heights,2093,,
Clontarf,2093,,
Manly Vale,2093,,
North Balgowlah,2093,,
Fairlight,2094,,
Manly,2095,,
Curl Curl,2096,,
Freshwater,2096,,
Queenscliff,2096,,
Collaroy,2097,,
Collaroy Plateau,2097,,
Wheeler Heights,2097,,
Cromer,2099,,
Dee Why,2099,,
Narraweena,2099,,
North Curl Curl,2099,,
Allambie Heights,2100,,
Beacon Hill,2100,,
Brookvale,2100,,
North Manly,2100,,
Oxford Falls,2100,,
Elanora Heights,2101,,
Ingleside,2101,,
Narrabeen,2101,,
North Narrabeen,2101,,
Warriewood,2102,,
Mona Vale,2103,,
Bayview,2104,,
Church Point,2105,,
Elvina Bay,2105,,
Lovett Bay,2105,,
McCarrs Creek,2105,,
Morning Bay,2105,,
Pittwater,2105,,
Scotland Island,2105,,
Newport,2106,,
Avalon Beach,2107,,
Bilgola Beach,2107,,
Bilgola Plateau,2107,,
Clareville,2107,,
Whale Beach,2107,,
Coasters Retreat,2108,,
Currawong Beach,2108,,
Great Mackerel Beach,2108,,
Palm Beach,2108,,
Hunters Hill,2110,,
Woolwich,2110,,
Gladesville,2111,,
Henley,2111,,
Huntleys Cove,2111,,
Huntleys Point,2111,,
Tennyson Point,2111,,
Denistone East,2112,,
Putney,2112,,
Ryde,2112,,
East Ryde,2113,,
Macquarie Park,2113,,
North Ryde,2113,,
Denistone,2114,,
Denistone West,2114,,
Meadowbank,2114,,
Melrose Park,2114,,
West Ryde,2114,,
Ermington,2115,,
Rydalmere,2116,,
Dundas,2117,,
Dundas Valley,2117,,
Oatlands,2117,,
Telopea,2117,,
Carlingford,2118,,
Beecroft,2119,,
Cheltenham,2119,,
Pennant Hills,2120,,
Thornleigh,2120,,
Westleigh,2120,,
Epping,2121,,
North Epping,2121,,
Eastwood,2122,,
Marsfield,2122,,
West Pennant Hills,2125,,
Cherrybrook,2126,,
Newington,2127,,
Sydney Olympic Park,2127,,
Wentworth Point,2127,,
Silverwater,2128,,
Summer Hill,2130,,
Ashfield,2131,,
Croydon,2132,,
Croydon Park,2133,,
Burwood,2134,,
Strathfield,2135,,
Burwood Heights,2136,,
Enfield,2136,,
Strathfield South,2136,,
Breakfast Point,2137,,
Cabarita,2137,,
Concord,2137,,
Mortlake,2137,,
North Strathfield,2137,,
Concord West,2138,,
Liberty Grove,2138,,
Rhodes,2138,,
Homebush,2140,,
Homebush West,2140,,
Berala,2141,,
Lidcombe,2141,,
Rookwood,2141,,
Camellia,2142,,
Clyde,2142,,
Granville,2142,,
Holroyd,2142,,
Rosehill,2142,,
South Granville,2142,,
Birrong,2143,,
Potts Hill,2143,,
Regents Park,2143,,
Auburn,2144,,
Constitution Hill,2145,,
Girraween,2145,,
Greystanes,2145,,
Mays Hill,2145,,
Pemulwuy,2145,,
Pendle Hill,2145,,
South Wentworthville,2145,,
Wentworthville,2145,,
Westmead,2145,,
Old Toongabbie,2146,,
Toongabbie,2146,,
Kings Langley,2147,,
Lalor Park,2147,,
Seven Hills,2147,,
Arndell Park,2148,,
Blacktown,2148,,
Huntingwood,2148,,
Kings Park,2148,,
Marayong,2148,,
Prospect,2148,,
Harris Park,2150,,
Parramatta,2150,,
North Parramatta,2151,,
North Rocks,2151,,
Northmead,2152,,
Baulkham Hills,2153,,
Bella Vista,2153,,
Norwest,2153,,
Winston Hills,2153,,
Castle Hill,2154,2020-10-17,92588439
Beaumont Hills,2155,,
Kellyville,2155,,
Kellyville Ridge,2155,,
North Kellyville,2155,,
Rouse Hill,2155,,
Annangrove,2156,,
Glenhaven,2156,,
Kenthurst,2156,,
Canoelands,2157,,
Forest Glen,2157,,
Glenorie,2157,,
Dural,2158,,
Middle Dural,2158,,
Arcadia,2159,,
Berrilee,2159,,
Fiddletown,2159,,
Galston,2159,,
Merrylands,2160,,
Merrylands West,2160,,
Guildford,2161,,
Guildford West,2161,,
Old Guildford,2161,,
Yennora,2161,,
Chester Hill,2162,,
Sefton,2162,,
Carramar,2163,,
Lansdowne,2163,,
Villawood,2163,,
Smithfield,2164,,
Wetherill Park,2164,,
Woodpark,2164,,
Fairfield,2165,,
Fairfield East,2165,,
Fairfield Heights,2165,,
Fairfield West,2165,,
Cabramatta,2166,,
Cabramatta West,2166,,
Canley Heights,2166,,
Canley Vale,2166,,
Lansvale,2166,,
Glenfield,2167,,
Ashcroft,2168,,
Busby,2168,,
Cartwright,2168,,
Green Valley,2168,,
Heckenberg,2168,,
Hinchinbrook,2168,,
Miller,2168,,
Sadleir,2168,,
Casula,2170,,
Chipping Norton,2170,,
Hammondville,2170,,
Liverpool,2170,,
Lurnea,2170,,
Moorebank,2170,,
Mount Pritchard,2170,,
Prestons,2170,,
Warwick Farm,2170,,
Carnes Hill,2171,,
Cecil Hills,2171,,
Elizabeth Hills,2171,,
Horningsea Park,2171,,
Hoxton Park,2171,,
Len Waters Estate,2171,,
Middleton Grange,2171,,
West Hoxton,2171,,
Pleasure Point,2172,,
Sandy Point,2172,,
Voyager Point,2172,,
Holsworthy,2173,,
Wattle Grove,2173,,
Edmondson Park,2174,,
Horsley Park,2175,,
Abbotsbury,2176,,
Bossley Park,2176,,
Edensor Park,2176,,
Greenfield Park,2176,,
Prairiewood,2176,,
St Johns Park,2176,,
Wakeley,2176,,
Bonnyrigg,2177,,
Bonnyrigg Heights,2177,,
Cecil Park,2178,,
Kemps Creek,2178,,
Mount Vernon,2178,,
Austral,2179,,
Leppington,2179,,
Chullora,2190,,
Greenacre,2190,,
Mount Lewis,2190,,
Belfield,2191,,
Belmore,2192,,
Ashbury,2193,,
Canterbury,2193,,
Hurlstone Park,2193,,
Campsie,2194,,
Lakemba,2195,,
Wiley Park,2195,,
Punchbowl,2196,,
Roselands,2196,,
Bass Hill,2197,,
Georges Hall,2198,,
Yagoona,2199,,
Bankstown,2200,,
Bankstown Aerodrome,2200,,
Condell Park,2200,,
Dulwich Hill,2203,,
Marrickville,2204,,
Arncliffe,2205,,
Turrella,2205,,
Wolli Creek,2205,,
Clemton Park,2206,,
Earlwood,2206,,
Bardwell Park,2207,,
Bardwell Valley,2207,,
Bexley,2207,,
Bexley North,2207,,
Kingsgrove,2208,,
Beverly Hills,2209,,
Narwee,2209,,
Lugarno,2210,,
Peakhurst,2210,,
Peakhurst Heights,2210,,
Riverwood,2210,,
Padstow,2211,,
Padstow Heights,2211,,
Revesby,2212,,
Revesby Heights,2212,,
East Hills,2213,,
Panania,2213,,
Picnic Point,2213,,
Milperra,2214,,
Banksia,2216,,
Brighton-Le-Sands,2216,,
Kyeemagh,2216,,
Rockdale,2216,,
Beverley Park,2217,,
Kogarah,2217,,
Kogarah Bay,2217,,
Monterey,2217,,
Ramsgate,2217,,
Ramsgate Beach,2217,,
Allawah,2218,,
Carlton,2218,,
Dolls Point,2219,,
Sandringham,2219,,
Sans Souci,2219,,
Hurstville,2220,,
Hurstville Grove,2220,,
Blakehurst,2221,,
Carss Park,2221,,
Connells Point,2221,,
Kyle Bay,2221,,
South Hurstville,2221,,
Penshurst,2222,,
Mortdale,2223,,
Oatley,2223,,
Kangaroo Point,2224,,
Sylvania,2224,,
Sylvania Waters,2224,,
Oyster Bay,2225,,
Bonnet Bay,2226,,
Como,2226,,
Jannali,2226,,
Gymea,2227,,
Gymea Bay,2227,,
Miranda,2228,,
Yowie Bay,2228,,
Caringbah,2229,,
Caringbah South,2229,,
Dolans Bay,2229,,
Lilli Pilli,2229,,
Port Hacking,2229,,
Taren Point,2229,,
Bundeena,2230,,
Burraneer,2230,,
Cronulla,2230,,
Greenhills Beach,2230,,
Maianbar,2230,,
Woolooware,2230,,
Kurnell,2231,,
Grays Point,2232,,
Kareela,2232,,
Kirrawee,2232,,
Loftus,2232,,
Royal National Park,2232,,
Sutherland,2232,,
Woronora,2232,,
Engadine,2233,,
Heathcote,2233,,
Waterfall,2233,,
Woronora Heights,2233,,
Yarrawarrah,2233,,
Alfords Point,2234,,
Bangor,2234,,
Barden Ridge,2234,,
Illawong,2234,,
Lucas Heights,2234,,
Menai,2234,,
Bucketty,2250,,
Calga,2250,,
Central Mangrove,2250,,
East Gosford,2250,,
Erina,2250,,
Glenworth Valley,2250,,
Gosford,2250,,
Greengrove,2250,,
Holgate,2250,,
Kariong,2250,,
Kulnura,2250,,
Lisarow,2250,,
Lower Mangrove,2250,,
Mangrove Creek,2250,,
Mangrove Mountain,2250,,
Matcham,2250,,
Mooney Mooney Creek,2250,,
Mount Elliot,2250,,
Mount White,2250,,
Narara,2250,,
Niagara Park,2250,,
North Gosford,2250,,
Peats Ridge,2250,,
Point Clare,2250,,
Point Frederick,2250,,
Somersby,2250,,
Springfield,2250,,
Tascott,2250,,
Ten Mile Hollow,2250,,
Upper Mangrove,2250,,
Wendoree Park,2250,,
West Gosford,2250,,
Wyoming,2250,,
Avoca Beach,2251,,
Bensville,2251,,
Bouddi,2251,,
Copacabana,2251,,
Davistown,2251,,
Green Point,2251,,
Kincumber,2251,,
Kincumber South,2251,,
MacMasters Beach,2251,,
Picketts Valley,2251,,
Saratoga,2251,,
Yattalunga,2251,,
Blackwall,2256,,
Horsfield Bay,2256,,
Koolewong,2256,,
Little Wobby,2256,,
Patonga,2256,,
Pearl Beach,2256,,
Phegans Bay,2256,,
Wondabyne,2256,,
Woy Woy,2256,,
Woy Woy Bay,2256,,
Booker Bay,2257,,
Box Head,2257,,
Daleys Point,2257,,
Empire Bay,2257,,
Ettalong Beach,2257,,
Hardys Bay,2257,,
Killcare,2257,,
Killcare Heights,2257,,
Pretty Beach,2257,,
St Huberts Island,2257,,
Umina Beach,2257,,
Wagstaffe,2257,,
Fountaindale,2258,,
Kangy Angy,2258,,
Ourimbah,2258,,
Palm Grove,2258,,
Palmdale,2258,,
Alison,2259,,
Bushells Ridge,2259,,
Cedar Brush Creek,2259,,
Chain Valley Bay,2259,,
Crangan Bay,2259,,
Dooralong,2259,,
Durren Durren,2259,,
Frazer Park,2259,,
Freemans,2259,,
Gwandalan,2259,,
Halloran,2259,,
Hamlyn Terrace,2259,,
Jilliby,2259,,
Kanwal,2259,,
Kiar,2259,,
Kingfisher Shores,2259,,
Lake Munmorah,2259,,
Lemon Tree,2259,,
Little Jilliby,2259,,
Mannering Park,2259,,
Mardi,2259,,
Moonee,2259,,
Point Wolstoncroft,2259,,
Ravensdale,2259,,
Rocky Point,2259,,
Summerland Point,2259,,
Tacoma,2259,,
Tacoma South,2259,,
Tuggerah,2259,,
Tuggerawong,2259,,
Wadalba,2259,,
Wallarah,2259,,
Warnervale,2259,,
Watanobbi,2259,,
Woongarrah,2259,,
Wybung,2259,,
Wyee,2259,,
Wyee Point,2259,,
Wyong,2259,,
Wyong Creek,2259,,
Wyongah,2259,,
Yarramalong,2259,,
Erina Heights,2260,,
Forresters Beach,2260,,
North Avoca,2260,,
Terrigal,2260,,
Wamberal,2260,,
Bateau Bay,2261,,
Berkeley Vale,2261,,
Blue Bay,2261,,
Chittaway Bay,2261,,
Chittaway Point,2261,,
Glenning Valley,2261,,
Killarney Vale,2261,,
Long Jetty,2261,,
Magenta,2261,,
Shelly Beach,2261,,
The Entrance,2261,,
The Entrance North,2261,,
Toowoon Bay,2261,,
Tumbi Umbi,2261,,
Blue Haven,2262,,
Budgewoi,2262,,
Budgewoi Peninsula,2262,,
Buff Point,2262,,
Colongra,2262,,
Doyalson,2262,,
Doyalson North,2262,,
Halekulani,2262,,
San Remo,2262,,
Canton Beach,2263,,
Charmhaven,2263,,
Gorokan,2263,,
Lake Haven,2263,,
Norah Head,2263,,
Noraville,2263,,
Toukley,2263,,
Balcolyn,2264,,
Bonnells Bay,2264,,
Brightwaters,2264,,
Dora Creek,2264,,
Eraring,2264,,
Mandalong,2264,,
Mirrabooka,2264,,
Morisset,2264,,
Morisset Park,2264,,
Myuna Bay,2264,,
Silverwater,2264,,
Sunshine,2264,,
Windermere Park,2264,,
Yarrawonga Park,2264,,
Cooranbong,2265,,
Martinsville,2265,,
Wangi Wangi,2267,,
Barnsley,2278,2021-02-10,99007483
Killingworth,2278,,
Wakefield,2278,,
Belmont,2280,,
Belmont North,2280,,
Belmont South,2280,,
Croudace Bay,2280,,
Floraville,2280,,
Jewells,2280,,
Marks Point,2280,,
Valentine,2280,,
Blacksmiths,2281,,
Cams Wharf,2281,,
Catherine Hill Bay,2281,,
Caves Beach,2281,,
Little Pelican,2281,,
Murrays Beach,2281,,
Nords Wharf,2281,,
Pelican,2281,,
Pinny Beach,2281,,
Swansea,2281,,
Swansea Heads,2281,,
Eleebana,2282,,
Lakelands,2282,,
Warners Bay,2282,,
Arcadia Vale,2283,,
Awaba,2283,,
Balmoral,2283,,
Blackalls Park,2283,,
Bolton Point,2283,,
Buttaba,2283,,
Carey Bay,2283,,
Coal Point,2283,,
Fassifern,2283,,
Fennell Bay,2283,,
Fishing Point,2283,,
Kilaben Bay,2283,,
Lake Macquarie,2283,,
Rathmines,2283,,
Ryhope,2283,,
Toronto,2283,,
Argenton,2284,,
Boolaroo,2284,2021-01-29,98349128
Booragul,2284,,
Marmong Point,2284,,
Speers Point,2284,,
Teralba,2284,,
Woodrising,2284,,
Cameron Park,2285,,
Cardiff,2285,,
Cardiff Heights,2285,,
Cardiff South,2285,,
Edgeworth,2285,,
Glendale,2285,,
Macquarie Hills,2285,,
Holmesville,2286,,
Seahampton,2286,2021-02-08,98890179
West Wallsend,2286,,
Birmingham Gardens,2287,,
Elermore Vale,2287,,
Fletcher,2287,2021-02-17,99433575
Maryland,2287,2021-02-24,99884625
Minmi,2287,,
Rankin Park,2287,,
Wallsend,2287,,
Adamstown,2289,,
Adamstown Heights,2289,,
Garden Suburb,2289,,
Highfields,2289,,
Kotara,2289,,
Kotara South,2289,,
Bennetts Green,2290,,
Charlestown,2290,,
Dudley,2290,,
Gateshead,2290,,
Hillsborough,2290,,
Kahibah,2290,,
Mount Hutton,2290,,
Redhead,2290,,
Tingira Heights,2290,,
Whitebridge,2290,,
Merewether,2291,,
Merewether Heights,2291,,
The Junction,2291,,
Broadmeadow,2292,,
Hamilton North,2292,,
Maryville,2293,,
Wickham,2293,,
Carrington,2294,,
Fern Bay,2295,,
Stockton,2295,,
Islington,2296,,
Tighes Hill,2297,,
Georgetown,2298,,
Waratah,2298,,
Waratah West,2298,,
Jesmond,2299,,
Lambton,2299,,
North Lambton,2299,,
Bar Beach,2300,,
Cooks Hill,2300,,
Newcastle,2300,,
Newcastle East,2300,,
The Hill,2300,,
Newcastle West,2302,,
Hamilton,2303,,
Hamilton East,2303,,
Hamilton South,2303,,
Kooragang,2304,,
Mayfield,2304,,
Mayfield East,2304,,
Mayfield North,2304,,
Mayfield West,2304,,
Sandgate,2304,2021-02-17,99434170
Warabrook,2304,,
New Lambton,2305,2021-03-10,100738906
New Lambton Heights,2305,2021-03-10,100737730
Windale,2306,2021-03-10,100737245
Shortland,2307,2021-02-24,99886000
Callaghan,2308,2021-03-10,100736990
Allynbrook,2311,2021-03-07,N/A
Bingleburra,2311,2021-03-07,N/A
Carrabolla,2311,2021-03-07,N/A
East Gresford,2311,2021-03-07,100559496
Eccleston,2311,2021-03-07,N/A
Gresford,2311,2021-03-07,100559489
Halton,2311,2021-03-07,N/A
Lewinsbrook,2311,2021-03-07,N/A
Lostock,2311,2021-03-07,N/A
Mount Rivers,2311,2021-03-07,N/A
Upper Allyn,2311,2021-03-07,N/A
Minimbah,2312,2021-03-07,N/A
Nabiac,2312,2021-03-07,100559429
Corlette,2315,2021-03-07,100559416
Fingal Bay,2315,2021-03-07,100559086
Nelson Bay,2315,2021-03-07,100559326
Shoal Bay,2315,2021-03-07,100559265
Anna Bay,2316,2021-03-07,100558810
Boat Harbour,2316,2021-03-07,100558604
Bobs Farm,2316,2021-03-07,100558870
Fishermans Bay,2316,2021-03-07,N/A
One Mile,2316,2021-03-07,100558643
Taylors Beach,2316,2021-03-07,100558510
Port Stephens,2317,2021-03-07,N/A
Salamander Bay,2317,2021-03-07,100558320
Soldiers Point,2317,2021-03-07,100558220
Campvale,2318,2021-03-04,100399306
Ferodale,2318,2021-03-04,100399085
Fullerton Cove,2318,2021-03-04,100402091
Medowie,2318,2021-03-04,100404210
Oyster Cove,2318,2021-03-04,100399418
Salt Ash,2318,2021-03-04,100399848
Williamtown,2318,2021-03-04,100402475
Lemon Tree Passage,2319,2021-03-04,100397768
Mallabula,2319,2021-03-04,100398028
Tanilba Bay,2319,2021-03-04,100398460
Tilligerry Creek,2319,2021-03-04,N/A
Aberglasslyn,2320,2020-10-15,92498941
Allandale,2320,2021-02-27,100083776
Anambah,2320,2020-10-15,N/A
Bolwarra,2320,2020-11-29,94971763
Bolwarra Heights,2320,2020-11-29,94972642
Farley,2320,2020-10-16,N/A
Glen Oak,2320,2021-02-27,N/A
Gosforth,2320,2020-10-15,92519236
Hillsborough,2320,2020-10-16,N/A
Horseshoe Bend,2320,2020-10-16,N/A
Keinbah,2320,2021-02-27,N/A
Largs,2320,2020-12-17,95994787
Lorn,2320,2020-10-17,92621058
Louth Park,2320,2020-12-19,96096851
Maitland,2320,2020-10-16,92560866
Maitland Vale,2320,2020-10-16,N/A
Melville,2320,2020-10-16,N/A
Mindaribba,2320,2021-02-27,100083824
Mount Dee,2320,2020-10-15,N/A
Oakhampton,2320,2020-10-15,N/A
Oakhampton Heights,2320,2020-10-15,N/A
Pokolbin,2320,2021-02-27,100083929
Rosebrook,2320,2020-10-16,N/A
Rothbury,2320,2021-02-27,100083873
Rutherford,2320,2020-10-14,92474507
South Maitland,2320,2020-11-16,94189368
Telarah,2320,2020-10-15,92504617
Wallalong,2320,2021-02-27,100083854
Windella,2320,2020-10-16,92554442
Berry Park,2321,2021-01-12,96794443
Butterwick,2321,2021-03-01,100180770
Clarence Town,2321,2021-03-01,100180974
Cliftleigh,2321,2021-01-16,97594783
Duckenfield,2321,2021-01-12,96794464
Duns Creek,2321,2021-03-01,100181949
Gillieston Heights,2321,2020-11-24,94697465
Glen Martin,2321,2021-03-01,N/A
Glen William,2321,2021-03-01,100182217
Harpers Hill,2321,2021-03-01,100182657
Heddon Greta,2321,2021-01-16,97594844
Hinton,2321,2021-01-29,98348180
Lochinvar,2321,2020-10-16,92554729
Luskintyre,2321,2021-02-14,N/A
Morpeth,2321,2020-12-21,96177300
Oswald,2321,2021-02-14,N/A
Phoenix Park,2321,2020-12-21,96177671
Raworth,2321,2020-12-21,96177008
Windermere,2321,2020-10-16,N/A
Woodville,2321,2021-03-01,100182524
Beresfield,2322,2020-11-26,94815527
Black Hill,2322,2021-03-02,100259976
Chisholm,2322,2021-01-16,97594446
Hexham,2322,2021-03-02,100260299
Lenaghan,2322,2021-03-02,100260083
Stockrington,2322,2021-03-02,N/A
Tarro,2322,2020-11-26,94814621
Thornton,2322,2021-01-16,97594721
Tomago,2322,2021-03-02,100260641
Woodberry,2322,2020-11-26,94814379
Ashtonfield,2323,2020-11-23,94620164
Brunkerville,2323,,
Buchanan,2323,,
Buttai,2323,,
East Maitland,2323,2020-12-13,95749596
Freemans Waterhole,2323,,
Metford,2323,2020-12-19,96096803
Mount Vincent,2323,,
Mulbring,2323,,
Pitnacree,2323,,
Richmond Vale,2323,,
Tenambit,2323,2020-11-21,94526703
Balickera,2324,,
Brandy Hill,2324,,
Bundabah,2324,,
Carrington,2324,,
Eagleton,2324,,
East Seaham,2324,,
Hawks Nest,2324,,
Heatherbrae,2324,2021-01-12,96793008
Karuah,2324,,
Kings Hill,2324,,
Limeburners Creek,2324,,
Millers Forest,2324,2021-01-12,96794497
Nelsons Plains,2324,,
North Arm Cove,2324,,
Osterley,2324,,
Pindimar,2324,,
Raymond Terrace,2324,2021-01-12,96792799
Seaham,2324,,
Swan Bay,2324,,
Tahlee,2324,,
Tea Gardens,2324,,
Twelve Mile Creek,2324,,
Aberdare,2325,,
Abernethy,2325,2020-12-19,96097011
Bellbird,2325,,
Bellbird Heights,2325,,
Cedar Creek,2325,,
Cessnock,2325,,
Congewai,2325,,
Corrabare,2325,,
Dairy Arm,2325,,
Ellalong,2325,,
Elrington,2325,,
Fernances Crossing,2325,,
Greta Main,2325,,
Kearsley,2325,,
Kitchener,2325,2020-12-19,96097019
Laguna,2325,,
Lovedale,2325,,
Millfield,2325,,
Mount View,2325,,
Murrays Run,2325,,
Nulkaba,2325,,
Olney,2325,,
Paxton,2325,,
Paynes Crossing,2325,,
Pelton,2325,,
Quorrobolong,2325,,
Sweetmans Creek,2325,,
Watagan,2325,,
Wollombi,2325,,
Yengo National Park,2325,,
Abermain,2326,,
Bishops Bridge,2326,2021-01-29,98347812
Loxford,2326,2021-01-29,98346181
Neath,2326,,
Sawyers Gully,2326,2021-01-29,98347935
Weston,2326,2021-01-29,98345943
Kurri Kurri,2327,2021-01-29,98344898
Pelaw Main,2327,,
Stanford Merthyr,2327,,
Bureen,2328,2021-04-06,N/A
Dalswinton,2328,2021-04-06,N/A
Denman,2328,2021-04-06,102405051
Giants Creek,2328,2021-04-06,N/A
Hollydeen,2328,2021-04-06,N/A
Kerrabee,2328,2021-04-06,N/A
Mangoola,2328,2021-04-06,N/A
Martindale,2328,2021-04-06,N/A
Widden,2328,2021-04-06,N/A
Yarrawa,2328,2021-04-06,N/A
Cassilis,2329,2021-04-06,N/A
Merriwa,2329,2021-04-06,N/A
Uarbry,2329,2021-04-06,N/A
Appletree Flat,2330,2021-03-31,N/A
Big Ridge,2330,2021-03-31,102036813
Bowmans Creek,2330,2021-03-31,N/A
Bridgman,2330,2021-03-31,102036221
Broke,2330,2021-03-31,N/A
Bulga,2330,2021-03-31,N/A
Camberwell,2330,2021-03-31,102040659
Carrowbrook,2330,2021-03-31,N/A
Clydesdale,2330,2021-03-31,102036813
Combo,2330,2021-03-31,N/A
Darlington,2330,2021-03-31,102041474
Doyles Creek,2330,2021-03-31,102042133
Dunolly,2330,2021-04-06,102404324
Dural,2330,2021-03-31,N/A
Dyrring,2330,2021-03-31,N/A
Falbrook,2330,2021-03-31,N/A
Fern Gully,2330,2021-03-31,N/A
Fordwich,2330,2021-03-31,N/A
Garland Valley,2330,2021-03-31,N/A
Glendon,2330,2021-03-31,102042308
Glendon Brook,2330,2021-03-31,102036221
Glennies Creek,2330,2021-03-31,N/A
Glenridding,2330,2021-04-06,102404628
Goorangoola,2330,2021-03-31,N/A
Gouldsville,2330,2021-03-31,N/A
Gowrie,2330,2021-03-31,102042753
Greenlands,2330,2021-03-31,N/A
Hambledon Hill,2330,2021-03-31,N/A
Hebden,2330,2021-03-31,102042008
Howes Valley,2330,2021-03-31,N/A
Howick,2330,2021-03-31,N/A
Hunterview,2330,2021-03-31,102043059
Jerrys Plains,2330,2021-03-31,N/A
Lemington,2330,2021-03-31,N/A
Long Point,2330,2021-03-31,N/A
Maison Dieu,2330,2021-03-31,N/A
Mcdougalls Hill,2330,2021-03-31,102042753
Middle Falbrook,2330,2021-03-31,N/A
Milbrodale,2330,2021-03-31,102034888
Mirannie,2330,2021-03-31,102036221
Mitchells Flat,2330,2021-03-31,102041658
Mount Olive,2330,2021-03-31,N/A
Mount Royal,2330,2021-03-31,N/A
Mount Thorley,2330,2021-03-31,N/A
Obanvale,2330,2021-03-31,N/A
Putty,2330,2021-03-31,N/A
Ravensworth,2330,2021-03-31,N/A
Redbournberry,2330,2021-03-31,N/A
Reedy Creek,2330,2021-03-31,N/A
Rixs Creek,2330,2021-03-31,N/A
Roughit,2330,2021-03-31,102042308
Scotts Flat,2330,2021-03-31,102041863
Sedgefield,2330,2021-03-31,102036813
Singleton,2330,2021-04-06,102404628
Singleton Heights,2330,2021-04-06,102404324
Singleton Military Area,2330,2021-03-31,N/A
St Clair,2330,2021-03-31,N/A
Warkworth,2330,2021-03-31,102034993
Wattle Ponds,2330,2021-03-31,N/A
Westbrook,2330,2021-03-31,102036221
Whittingham,2330,2021-03-31,102041863
Wollemi,2330,2021-03-31,N/A
Wylies Flat,2330,2021-03-31,N/A
Baerami,2333,2021-06-05,N/A
Baerami Creek,2333,2021-06-05,N/A
Bengalla,2333,,
Castle Rock,2333,2021-06-05,N/A
Edderton,2333,,
Gungal,2333,,
Kayuga,2333,2021-06-05,N/A
Liddell,2333,,
Manobalai,2333,,
Mccullys Gap,2333,,
Muscle Creek,2333,,
Muswellbrook,2333,,
Sandy Hollow,2333,,
Wybong,2333,2021-06-05,N/A
Greta,2334,,
Belford,2335,,
Branxton,2335,,
Dalwood,2335,,
East Branxton,2335,,
Elderslie,2335,,
Lambs Valley,2335,,
Leconfield,2335,,
Lower Belford,2335,,
North Rothbury,2335,,
Stanhope,2335,,
Aberdeen,2336,,
Dartbrook,2336,,
Davis Creek,2336,,
Rossgole,2336,2021-06-05,N/A
Rouchel,2336,,
Rouchel Brook,2336,,
Upper Dartbrook,2336,,
Upper Rouchel,2336,,
Belltrees,2337,,
Brawboy,2337,,
Bunnan,2337,,
Dry Creek,2337,2021-02-14,N/A
Ellerston,2337,,
Glenbawn,2337,,
Glenrock,2337,,
Gundy,2337,2021-02-14,N/A
Kars Springs,2337,,
Middle Brook,2337,,
Moobi,2337,2021-06-05,N/A
Moonan Brook,2337,,
Moonan Flat,2337,,
Murulla,2337,,
Omadale,2337,,
Owens Gap,2337,,
Pages Creek,2337,,
Parkville,2337,,
Scone,2337,,
Segenhoe,2337,,
Stewarts Brook,2337,,
Tomalla,2337,,
Waverly,2337,,
Wingen,2337,,
Woolooma,2337,,
Ardglen,2338,,
Blandford,2338,,
Crawney,2338,,
Green Creek,2338,2021-02-14,N/A
Murrurundi,2338,2021-02-14,N/A
Pages River,2338,2021-02-14,N/A
Sandy Creek,2338,2021-02-14,N/A
Scotts Creek,2338,2021-02-14,N/A
Timor,2338,2021-02-14,N/A
Big Jacks Creek,2339,2021-02-14,N/A
Braefield,2339,,
Cattle Creek,2339,,
Chilcotts Creek,2339,,
Little Jacks Creek,2339,2021-02-14,N/A
Macdonalds Creek,2339,2021-02-14,N/A
Parraweena,2339,2021-02-14,N/A
Warrah,2339,,
Warrah Creek,2339,,
Willow Tree,2339,,
Appleby,2340,,
Barry,2340,,
Bective,2340,,
Bithramere,2340,,
Bowling Alley Point,2340,,
Calala,2340,,
Carroll,2340,,
Daruka,2340,,
Duncans Creek,2340,,
Dungowan,2340,,
East Tamworth,2340,,
Garoo,2340,,
Gidley,2340,,
Goonoo Goonoo,2340,,
Gowrie,2340,,
Hallsville,2340,,
Hanging Rock,2340,,
Hillvue,2340,,
Keepit,2340,,
Kingswood,2340,,
Loomberah,2340,,
Moore Creek,2340,,
Nemingha,2340,,
North Tamworth,2340,,
Nundle,2340,,
Ogunbil,2340,,
Oxley Vale,2340,,
Piallamore,2340,,
Somerton,2340,,
South Tamworth,2340,,
Taminda,2340,,
Tamworth,2340,,
Timbumburi,2340,,
Wallamore,2340,,
Warral,2340,,
Weabonga,2340,,
West Tamworth,2340,,
Westdale,2340,,
Woolomin,2340,,
Werris Creek,2341,,
Currabubula,2342,,
Piallaway,2342,,
Blackville,2343,,
Borambil,2343,,
Bundella,2343,,
Caroona,2343,,
Colly Blue,2343,,
Coomoo Coomoo,2343,,
Pine Ridge,2343,,
Quipolly,2343,,
Quirindi,2343,,
Spring Ridge,2343,,
Wallabadah,2343,,
Warrah Ridge,2343,,
Windy,2343,,
Yannergee,2343,,
Yarraman,2343,,
Duri,2344,,
Winton,2344,,
Attunga,2345,,
Garthowen,2345,,
Borah Creek,2346,,
Halls Creek,2346,2021-06-05,N/A
Klori,2346,,
Manilla,2346,,
Namoi River,2346,2021-06-05,N/A
New Mexico,2346,,
Rushes Creek,2346,,
Upper Manilla,2346,,
Warrabah,2346,2021-06-05,N/A
Wimborne,2346,,
Wongo Creek,2346,,
Banoon,2347,,
Barraba,2347,,
Cobbadah,2347,,
Gulf Creek,2347,2021-06-05,N/A
Gundamulda,2347,2021-06-05,N/A
Ironbark,2347,2021-06-05,N/A
Lindesay,2347,,
Longarm,2347,,
Mayvale,2347,,
Red Hill,2347,,
Thirldene,2347,2021-06-05,N/A
Upper Horton,2347,,
Woodsreef,2347,2021-06-05,N/A
Aberfoyle,2350,,
Abington,2350,2021-06-05,N/A
Armidale,2350,,
Boorolong,2350,,
Castle Doyle,2350,,
Dangarsleigh,2350,,
Donald Creek,2350,,
Dumaresq,2350,,
Duval,2350,,
Enmore,2350,,
Hillgrove,2350,,
Invergowrie,2350,,
Jeogla,2350,,
Kellys Plains,2350,,
Lyndhurst,2350,,
Metz,2350,,
Puddledock,2350,,
Saumarez,2350,,
Saumarez Ponds,2350,,
Thalgarrah,2350,,
Tilbuster,2350,,
Wards Mistake,2350,,
Wollomombi,2350,,
Wongwibinda,2350,,
Kootingal,2352,,
Limbri,2352,,
Mulla Creek,2352,,
Tintinhull,2352,,
Moonbi,2353,,
Kentucky,2354,,
Kentucky South,2354,,
Niangala,2354,,
Nowendoc,2354,,
Walcha,2354,,
Walcha Road,2354,,
Wollun,2354,,
Woolbrook,2354,,
Yarrowitch,2354,,
Bendemeer,2355,,
Retreat,2355,,
Watsons Creek,2355,,
Gwabegar,2356,,
Bugaldie,2357,,
Coonabarabran,2357,,
Dandry,2357,,
Gowang,2357,2021-06-05,N/A
Purlewaugh,2357,,
Rocky Glen,2357,,
Ulamambri,2357,,
Arding,2358,,
Balala,2358,,
Gostwyck,2358,,
Kingstown,2358,,
Mihi,2358,,
Rocky River,2358,,
Salisbury Plains,2358,,
Torryburn,2358,2021-06-05,N/A
Uralla,2358,,
Yarrowyck,2358,,
Bakers Creek,2359,2021-06-05,N/A
Bundarra,2359,,
Camerons Creek,2359,2021-06-05,N/A
Auburn Vale,2360,,
Brodies Plains,2360,,
Bukkulla,2360,,
Cherry Tree Hill,2360,2021-06-05,N/A
Copeton,2360,,
Elsmore,2360,,
Gilgai,2360,,
Graman,2360,2021-06-05,N/A
Gum Flat,2360,,
Howell,2360,,
Inverell,2360,,
Kings Plains,2360,,
Little Plain,2360,,
Long Plain,2360,,
Mount Russell,2360,2021-06-05,N/A
Newstead,2360,,
Nullamanna,2360,,
Oakwood,2360,2021-06-05,N/A
Paradise,2360,,
Rob Roy,2360,,
Sapphire,2360,,
Spring Mountain,2360,,
Stanborough,2360,,
Swanbrook,2360,,
Wallangra,2360,2021-06-05,N/A
Wandera,2360,,
Woodstock,2360,,
Ashford,2361,,
Atholwood,2361,,
Bonshaw,2361,,
Limestone,2361,,
Pindaroi,2361,,
Backwater,2365,,
Bald Blair,2365,,
Baldersleigh,2365,2021-06-05,N/A
Bassendean,2365,,
Ben Lomond,2365,,
Black Mountain,2365,,
Briarbrook,2365,2021-06-05,N/A
Brockley,2365,,
Brushy Creek,2365,2021-06-05,N/A
Falconer,2365,,
Georges Creek,2365,,
Glen Nevis,2365,,
Glencoe,2365,,
Green Hills,2365,,
Guyra,2365,,
Llangothlin,2365,,
Maybole,2365,,
Mount Mitchell,2365,,
New Valley,2365,2021-06-05,N/A
Oban,2365,,
South Guyra,2365,,
Tenterden,2365,2021-06-05,N/A
The Basin,2365,2021-06-05,N/A
The Gulf,2365,,
Tubbamurra,2365,,
Wandsworth,2365,,
Old Mill,2369,2021-06-05,N/A
Stannifer,2369,,
Tingha,2369,,
Bald Nob,2370,,
Diehard,2370,,
Dundee,2370,,
Furracabad,2370,,
Gibraltar Range,2370,,
Glen Elgin,2370,,
Glen Innes,2370,,
Kingsgate,2370,,
Kingsland,2370,,
Kookabookra,2370,,
Lambs Valley,2370,,
Matheson,2370,,
Moggs Swamp,2370,,
Moogem,2370,,
Morven,2370,,
Newton Boyd,2370,,
Pinkett,2370,,
Rangers Valley,2370,,
Red Range,2370,,
Reddestone,2370,,
Shannon Vale,2370,,
Stonehenge,2370,,
Swan Vale,2370,,
Wellingrove,2370,,
Yarrowford,2370,,
Capoompeta,2371,,
Deepwater,2371,,
Emmaville,2371,,
Rocky Creek,2371,,
Stannum,2371,,
Torrington,2371,,
Wellington Vale,2371,,
Yellow Dam,2371,,
Back Creek,2372,,
Bolivia,2372,,
Bookookoorara,2372,,
Boonoo Boonoo,2372,,
Boorook,2372,,
Carrolls Creek,2372,,
Cullendore,2372,,
Dumaresq Valley,2372,,
Forest Land,2372,,
Liston,2372,,
Mole River,2372,,
Rivertree,2372,,
Rocky River,2372,,
Sandy Flat,2372,,
Sandy Hill,2372,,
Silent Grove,2372,,
Tarban,2372,,
Tenterfield,2372,,
Timbarra,2372,,
Willsons Downfall,2372,,
Woodside,2372,,
Wylie Creek,2372,,
Goolhi,2379,,
Mullaley,2379,,
Nombi,2379,,
Blue Vale,2380,,
Emerald Hill,2380,,
Ghoolendaadi,2380,,
Gunnedah,2380,,
Kelvin,2380,,
Marys Mount,2380,,
Milroy,2380,,
Orange Grove,2380,,
Rangari,2380,,
Breeza,2381,,
Curlewis,2381,,
Premer,2381,,
Tambar Springs,2381,,
Boggabri,2382,,
Maules Creek,2382,,
Wean,2382,,
Willala,2382,,
Burren Junction,2386,,
Drildool,2386,,
Nowley,2386,,
Bulyeroi,2387,,
Rowena,2387,,
Boolcarroll,2388,,
Cuttabri,2388,,
Merah North,2388,,
Pilliga,2388,,
Spring Plains,2388,,
The Pilliga,2388,,
Wee Waa,2388,,
Yarrie Lake,2388,,
Baan Baa,2390,,
Back Creek,2390,,
Berrigal,2390,,
Bohena Creek,2390,,
Bullawa Creek,2390,,
Couradda,2390,,
Edgeroi,2390,,
Eulah Creek,2390,,
Harparary,2390,,
Jacks Creek,2390,,
Kaputar,2390,,
Narrabri,2390,,
Rocky Creek,2390,,
Tarriaro,2390,,
Turrawan,2390,,
Binnaway,2395,,
Weetaliba,2395,,
Baradine,2396,,
Goorianawa,2396,,
Kenebri,2396,,
Bellata,2397,,
Jews Lagoon,2397,,
Millie,2397,,
Gurley,2398,,
Biniguy,2399,,
Pallamallawa,2399,,
Ashley,2400,,
Bullarah,2400,,
Crooble,2400,,
Mallowa,2400,,
Moree,2400,,
Terry Hie Hie,2400,,
Tulloona,2400,,
Gravesend,2401,,
Coolatai,2402,,
Warialda,2402,,
Warialda Rail,2402,,
Balfours Peak,2403,,
Delungra,2403,,
Gragin,2403,2021-06-05,N/A
Myall Creek,2403,,
Bangheet,2404,,
Bingara,2404,,
Dinoga,2404,,
Elcombe,2404,,
Gineroi,2404,,
Keera,2404,,
Pallal,2404,,
Upper Bingara,2404,,
Whitlow,2404,,
Boomi,2405,,
Garah,2405,,
Mungindi,2406,,
Weemelah,2406,,
Blue Nobby,2408,,
North Star,2408,,
Yallaroi,2408,,
Boggabilla,2409,,
Boonal,2409,,
Twin Rivers,2410,,
Yetman,2410,,
Croppa Creek,2411,,
Monkerai,2415,,
Nooroo,2415,,
Stroud Road,2415,,
Upper Karuah River,2415,,
Weismantels,2415,,
Alison,2420,,
Bandon Grove,2420,,
Bendolba,2420,,
Brookfield,2420,,
Cambra,2420,,
Chichester,2420,,
Dungog,2420,,
Flat Tops,2420,2021-03-01,N/A
Fosterton,2420,,
Hanleys Creek,2420,,
Hilldale,2420,,
Main Creek,2420,,
Marshdale,2420,,
Martins Creek,2420,,
Munni,2420,,
Salisbury,2420,,
Stroud Hill,2420,,
Sugarloaf,2420,,
Tabbil Creek,2420,,
Underbank,2420,,
Wallaringa,2420,,
Wallarobba,2420,,
Wirragulla,2420,,
Fishers Hill,2421,,
Paterson,2421,,
Summer Hill,2421,,
Tocal,2421,2021-02-14,N/A
Torryburn,2421,,
Vacy,2421,,
Webbers Creek,2421,,
Back Creek,2422,,
Bakers Creek,2422,,
Barrington,2422,,
Barrington Tops,2422,,
Baxters Ridge,2422,,
Belbora,2422,,
Berrico,2422,,
Bindera,2422,,
Bowman,2422,,
Bowman Farm,2422,,
Bretti,2422,,
Bulliac,2422,,
Bundook,2422,,
Callaghans Creek,2422,,
Cobark,2422,,
Coneac,2422,,
Copeland,2422,,
Craven,2422,,
Craven Plateau,2422,,
Curricabark,2422,,
Dewitt,2422,,
Faulkland,2422,,
Forbesdale,2422,,
Gangat,2422,,
Giro,2422,,
Glen Ward,2422,,
Gloucester,2422,,
Gloucester Tops,2422,,
Invergordon,2422,,
Kia Ora,2422,,
Mares Run,2422,,
Mernot,2422,,
Mograni,2422,,
Moppy,2422,,
Rawdon Vale,2422,,
Rookhurst,2422,,
Stratford,2422,,
Terreel,2422,,
Tibbuc,2422,,
Titaatee Creek,2422,,
Tugrabakh,2422,,
Wallanbah,2422,,
Wards River,2422,,
Waukivory,2422,,
Woko,2422,,
Bombah Point,2423,,
Boolambayte,2423,,
Bulahdelah,2423,,
Bungwahl,2423,,
Coolongolook,2423,,
Crawford River,2423,,
Markwell,2423,,
Mayers Flat,2423,,
Mungo Brush,2423,,
Myall Lake,2423,,
Nerong,2423,,
Seal Rocks,2423,,
Topi Topi,2423,,
Upper Myall,2423,,
Violet Hill,2423,,
Wang Wauk,2423,,
Warranulla,2423,,
Willina,2423,,
Wootton,2423,,
Yagon,2423,,
Caffreys Flat,2424,,
Cells River,2424,,
Cooplacurripa,2424,,
Cundle Flat,2424,,
Knorrit Flat,2424,,
Knorrit Forest,2424,,
Mount George,2424,,
Number One,2424,,
Tiri,2424,,
Allworth,2425,,
Booral,2425,,
Girvan,2425,,
Stroud,2425,,
The Branch,2425,,
Washpool,2425,,
Coopernook,2426,,
Langley Vale,2426,,
Moto,2426,,
Crowdy Head,2427,2021-11-12,N/A
Harrington,2427,,
Blueys Beach,2428,,
Boomerang Beach,2428,,
Booti Booti,2428,,
Charlotte Bay,2428,,
Coomba Bay,2428,,
Coomba Park,2428,,
Darawank,2428,,
Elizabeth Beach,2428,,
Forster,2428,,
Green Point,2428,,
Sandbar,2428,,
Shallow Bay,2428,,
Smiths Lake,2428,,
Tarbuck Bay,2428,,
Tiona,2428,,
Tuncurry,2428,,
Wallingat,2428,,
Wallis Lake,2428,,
Whoota,2428,,
Bobin,2429,,
Boorganna,2429,,
Bucca Wauka,2429,,
Bulga Forest,2429,,
Bunyah,2429,,
Burrell Creek,2429,,
Caparra,2429,,
Cedar Party,2429,,
Comboyne,2429,,
Dingo Forest,2429,,
Dollys Flat,2429,,
Dyers Crossing,2429,,
Elands,2429,,
Firefly,2429,,
Innes View,2429,,
Karaak Flat,2429,,
Khatambuhl,2429,,
Killabakh,2429,,
Killawarra,2429,,
Kimbriki,2429,,
Kippaxs,2429,,
Krambach,2429,,
Kundibakh,2429,,
Marlee,2429,,
Mooral Creek,2429,,
Strathcedar,2429,,
The Bight,2429,,
Tipperary,2429,,
Wherrol Flat,2429,,
Wingham,2429,,
Yarratt Forest,2429,,
Black Head,2430,,
Bohnock,2430,,
Bootawa,2430,,
Brimbin,2430,,
Cabbage Tree Island,2430,,
Croki,2430,,
Cundletown,2430,,
Diamond Beach,2430,2021-11-12,N/A
Dumaresq Island,2430,,
Failford,2430,,
Ghinni Ghinni,2430,,
Glenthorne,2430,,
Hallidays Point,2430,,
Hillville,2430,,
Jones Island,2430,,
Kiwarrak,2430,,
Koorainghat,2430,,
Kundle Kundle,2430,,
Lansdowne,2430,,
Lansdowne Forest,2430,2021-11-12,N/A
Manning Point,2430,,
Melinga,2430,,
Mitchells Island,2430,,
Mondrook,2430,,
Old Bar,2430,,
Oxley Island,2430,,
Pampoolah,2430,,
Possum Brush,2430,,
Purfleet,2430,,
Rainbow Flat,2430,,
Red Head,2430,,
Saltwater,2430,,
Tallwoods Village,2430,,
Taree,2430,,
Taree South,2430,,
Tinonee,2430,,
Upper Lansdowne,2430,2021-11-12,N/A
Wallabi Point,2430,,
Arakoon,2431,,
Jerseyville,2431,,
South West Rocks,2431,,
Batar Creek,2439,2021-11-12,N/A
Black Creek,2439,2021-11-12,N/A
Bobs Creek,2439,2021-11-12,N/A
Herons Creek,2439,2021-11-12,N/A
Kendall,2439,2021-11-12,113685308
Kerewong,2439,2021-11-12,N/A
Kew,2439,2021-11-12,113685308
Logans Crossing,2439,2021-11-12,N/A
Lorne,2439,2021-11-12,N/A
Rossglen,2439,2021-11-12,N/A
Swans Crossing,2439,2021-11-12,N/A
Upsalls Creek,2439,,
Aldavilla,2440,,
Austral Eden,2440,,
Bellbrook,2440,,
Bellimbopinni,2440,,
Belmore River,2440,,
Burnt Bridge,2440,,
Carrai,2440,,
Clybucca,2440,,
Collombatti,2440,,
Comara,2440,,
Corangula,2440,,
Crescent Head,2440,,
Deep Creek,2440,,
Dondingalong,2440,,
East Kempsey,2440,,
Euroka,2440,,
Frederickton,2440,,
Gladstone,2440,,
Greenhill,2440,,
Hampden Hall,2440,,
Hat Head,2440,,
Hickeys Creek,2440,,
Kempsey,2440,,
Kinchela,2440,,
Lower Creek,2440,,
Millbank,2440,,
Mooneba,2440,,
Moparrabah,2440,,
Mungay Creek,2440,,
Old Station,2440,,
Pola Creek,2440,,
Rainbow Reach,2440,,
Seven Oaks,2440,,
Sherwood,2440,,
Skillion Flat,2440,,
Smithtown,2440,,
South Kempsey,2440,,
Summer Island,2440,,
Temagog,2440,,
Toorooka,2440,,
Turners Flat,2440,,
Verges Creek,2440,,
West Kempsey,2440,,
Willawarrin,2440,,
Willi Willi,2440,,
Wittitrin,2440,,
Yarravel,2440,,
Yessabah,2440,,
Allgomera,2441,,
Ballengarra,2441,,
Barraganyatti,2441,,
Bril Bril,2441,,
Cooperabung,2441,,
Eungai Creek,2441,,
Eungai Rail,2441,,
Fishermans Reach,2441,,
Gearys Flat,2441,,
Grassy Head,2441,,
Gum Scrub,2441,,
Hacks Ferry,2441,,
Kippara,2441,,
Kundabung,2441,,
Marlo Merrican,2441,,
Rollands Plains,2441,,
Stuarts Point,2441,,
Tamban,2441,,
Telegraph Point,2441,,
Upper Rollands Plains,2441,,
Yarrahapinni,2441,,
Camden Head,2443,,
Coralville,2443,2021-11-12,N/A
Crowdy Bay,2443,2021-11-12,N/A
Deauville,2443,,
Diamond Head,2443,,
Dunbogan,2443,,
Hannam Vale,2443,,
Johns River,2443,,
Lakewood,2443,2021-11-12,113685308
Laurieton,2443,2021-11-12,113685308
Middle Brother,2443,,
Moorland,2443,,
North Brother,2443,,
North Haven,2443,2021-11-12,113685308
Stewarts River,2443,2021-11-12,N/A
Waitui,2443,,
West Haven,2443,2021-11-12,113685308
Blackmans Point,2444,,
Fernbank Creek,2444,,
Limeburners Creek,2444,,
North Shore,2444,,
Port Macquarie,2444,2021-06-20,106663911
Riverside,2444,,
The Hatch,2444,,
Thrumster,2444,2020-12-17,95995121
Bonny Hills,2445,2021-11-12,113685308
Grants Beach,2445,,
Jolly Nose,2445,2021-11-12,N/A
Lake Cathie,2445,2021-11-12,113685308
Bagnoo,2446,,
Bago,2446,,
Banda Banda,2446,,
Beechwood,2446,,
Bellangry,2446,,
Birdwood,2446,,
Brombin,2446,2021-06-20,N/A
Byabarra,2446,,
Cairncross,2446,,
Crosslands,2446,2021-06-20,N/A
Debenham,2446,,
Doyles River,2446,,
Ellenborough,2446,,
Forbes River,2446,,
Frazers Creek,2446,,
Hartys Plains,2446,2021-06-20,N/A
Hollisdale,2446,,
Huntingdon,2446,2021-06-20,N/A
Hyndmans Creek,2446,,
Kindee,2446,,
King Creek,2446,,
Lake Innes,2446,2021-06-20,N/A
Long Flat,2446,,
Lower Pappinbarra,2446,,
Mortons Creek,2446,,
Mount Seaview,2446,,
Pappinbarra,2446,,
Pembrooke,2446,,
Pipeclay,2446,,
Rawdon Island,2446,2021-06-20,N/A
Redbank,2446,2021-06-20,N/A
Rosewood,2446,2021-06-20,N/A
Sancrox,2446,,
Toms Creek,2446,,
Upper Pappinbarra,2446,,
Wauchope,2446,2021-02-14,99239084
Werrikimbe,2446,,
Yarras,2446,,
Yippin Creek,2446,2021-06-20,N/A
Bakers Creek,2447,,
Burrapine,2447,,
Congarinni,2447,,
Congarinni North,2447,,
Donnellyville,2447,,
Gumma,2447,,
Macksville,2447,,
Newee Creek,2447,,
North Macksville,2447,,
Scotts Head,2447,,
Talarm,2447,,
Taylors Arm,2447,,
Thumb Creek,2447,,
Upper Taylors Arm,2447,,
Utungun,2447,,
Warrell Creek,2447,,
Way Way,2447,,
Wirrimbi,2447,,
Yarranbella,2447,,
Hyland Park,2448,,
Nambucca Heads,2448,,
Valla,2448,,
Valla Beach,2448,,
Argents Hill,2449,,
Bowraville,2449,,
Buckra Bendinni,2449,,
Girralong,2449,,
Kennaicle Creek,2449,,
Killiekrankie,2449,,
Missabotti,2449,,
South Arm,2449,,
Tewinga,2449,,
Boambee,2450,,
Bonville,2450,,
Brooklana,2450,,
Bucca,2450,,
Coffs Harbour,2450,,
Coramba,2450,,
Glenreagh,2450,,
Karangi,2450,,
Korora,2450,,
Lowanna,2450,,
Moonee Beach,2450,,
Nana Glen,2450,,
North Boambee Valley,2450,,
Sapphire Beach,2450,,
Sherwood,2450,,
Ulong,2450,,
Upper Orara,2450,,
Boambee East,2452,,
Sawtell,2452,,
Toormina,2452,,
Bielsdown Hills,2453,,
Billys Creek,2453,,
Bostobrick,2453,,
Cascade,2453,,
Clouds Creek,2453,,
Deer Vale,2453,,
Dorrigo,2453,,
Dorrigo Mountain,2453,,
Dundurrabin,2453,,
Ebor,2453,,
Fernbrook,2453,,
Hernani,2453,,
Marengo,2453,,
Megan,2453,,
Moonpar,2453,,
Never Never,2453,,
North Dorrigo,2453,,
Tallowwood Ridge,2453,,
Tyringham,2453,,
Wild Cattle Creek,2453,,
Bellingen,2454,,
Brierfield,2454,,
Brinerville,2454,,
Bundagen,2454,,
Darkwood,2454,,
Fernmount,2454,,
Gleniffer,2454,,
Hydes Creek,2454,,
Kalang,2454,,
Mylestom,2454,,
Raleigh,2454,,
Repton,2454,,
Spicketts Creek,2454,,
Thora,2454,,
Valery,2454,,
Urunga,2455,,
Arrawarra,2456,,
Arrawarra Headland,2456,,
Corindi Beach,2456,,
Dirty Creek,2456,,
Emerald Beach,2456,,
Mullaway,2456,,
Red Rock,2456,,
Safety Beach,2456,,
Sandy Beach,2456,,
Upper Corindi,2456,,
Woolgoolga,2456,,
Alumy Creek,2460,,
Banyabba,2460,,
Barcoongere,2460,,
Barretts Creek,2460,,
Baryulgil,2460,,
Blaxlands Creek,2460,,
Bom Bom,2460,,
Bookram,2460,,
Braunstone,2460,,
Brushgrove,2460,,
Buccarumbi,2460,,
Calamia,2460,,
Cangai,2460,,
Carnham,2460,,
Carrs Creek,2460,,
Carrs Island,2460,,
Carrs Peninsula,2460,,
Chaelundi,2460,,
Chambigne,2460,,
Clarenza,2460,,
Clifden,2460,,
Coaldale,2460,,
Collum Collum,2460,,
Coombadjha,2460,,
Copmanhurst,2460,,
Coutts Crossing,2460,,
Cowper,2460,,
Crowther Island,2460,,
Dalmorton,2460,,
Deep Creek,2460,,
Dilkoon,2460,,
Dumbudgery,2460,,
Eatonsville,2460,,
Eighteen Mile,2460,,
Elland,2460,,
Fine Flower,2460,,
Fortis Creek,2460,,
Glenugie,2460,,
Grafton,2460,,
Great Marlow,2460,,
Gurranang,2460,,
Halfway Creek,2460,,
Heifer Station,2460,,
Jackadgery,2460,,
Junction Hill,2460,,
Kangaroo Creek,2460,,
Keybarbin,2460,,
Koolkhan,2460,,
Kremnos,2460,,
Kungala,2460,,
Kyarran,2460,,
Lanitza,2460,,
Lawrence,2460,,
Levenstrath,2460,,
Lilydale,2460,,
Lionsville,2460,,
Lower Southgate,2460,,
Malabugilmah,2460,,
Moleville Creek,2460,,
Mountain View,2460,,
Mylneford,2460,,
Newbold,2460,,
Nymboida,2460,,
Pulganbar,2460,,
Punchbowl,2460,,
Ramornie,2460,,
Rushforth,2460,,
Sandy Crossing,2460,,
Seelands,2460,,
Shannondale,2460,,
Smiths Creek,2460,,
South Arm,2460,,
South Grafton,2460,,
Southampton,2460,,
Southgate,2460,,
Stockyard Creek,2460,,
The Pinnacles,2460,,
The Whiteman,2460,,
Towallum,2460,,
Trenayr,2460,,
Tyndale,2460,,
Upper Copmanhurst,2460,,
Upper Fine Flower,2460,,
Warragai Creek,2460,,
Washpool,2460,,
Waterview,2460,,
Waterview Heights,2460,,
Wells Crossing,2460,,
Whiteman Creek,2460,,
Winegrove,2460,,
Wombat Creek,2460,,
Calliope,2462,,
Coldstream,2462,,
Diggers Camp,2462,,
Gilletts Ridge,2462,,
Lake Hiawatha,2462,,
Lavadia,2462,,
Minnie Water,2462,,
Pillar Valley,2462,,
Swan Creek,2462,,
Tucabia,2462,,
Ulmarra,2462,,
Wooli,2462,,
Ashby,2463,,
Ashby Heights,2463,,
Ashby Island,2463,,
Brooms Head,2463,,
Gulmarrad,2463,,
Ilarwill,2463,,
Jacky Bulbin Flat,2463,,
James Creek,2463,,
Maclean,2463,,
Palmers Channel,2463,,
Palmers Island,2463,,
Sandon,2463,,
Shark Creek,2463,,
Taloumbi,2463,,
The Sandon,2463,,
Townsend,2463,,
Tullymorgan,2463,,
Woodford Island,2463,,
Angourie,2464,,
Freeburn Island,2464,,
Micalo Island,2464,,
Wooloweyah,2464,,
Yamba,2464,,
Yuraygir,2464,,
Harwood,2465,,
Iluka,2466,,
The Freshwater,2466,,
Woody Head,2466,,
Alice,2469,,
Bean Creek,2469,,
Bingeebeebra Creek,2469,,
Bonalbo,2469,,
Bottle Creek,2469,,
Bulldog,2469,,
Bungawalbin,2469,,
Busbys Flat,2469,,
Cambridge Plateau,2469,,
Camira,2469,,
Capeen Creek,2469,,
Chatsworth,2469,,
Clearfield,2469,,
Coongbar,2469,,
Culmaran Creek,2469,,
Deep Creek,2469,,
Drake,2469,,
Drake Village,2469,,
Duck Creek,2469,,
Ewingar,2469,,
Gibberagee,2469,,
Goodwood Island,2469,,
Gorge Creek,2469,,
Haystack,2469,,
Hogarth Range,2469,,
Jacksons Flat,2469,,
Joes Box,2469,,
Kippenduff,2469,,
Louisa Creek,2469,,
Lower Bottle Creek,2469,,
Lower Duck Creek,2469,,
Lower Peacock,2469,,
Mallanganee,2469,,
Mookima Wybra,2469,,
Mororo,2469,,
Mount Marsh,2469,,
Mummulgum,2469,,
Myrtle Creek,2469,,
Old Bonalbo,2469,,
Paddys Flat,2469,,
Pagans Flat,2469,,
Peacock Creek,2469,,
Pikapene,2469,,
Rappville,2469,,
Sandilands,2469,,
Simpkins Creek,2469,,
Six Mile Swamp,2469,,
Tabulam,2469,,
Theresa Creek,2469,,
Tunglebung,2469,,
Upper Duck Creek,2469,,
Warregah Island,2469,,
Whiporie,2469,,
Woombah,2469,,
Wyan,2469,,
Yabbra,2469,,
Babyl Creek,2470,,
Backmede,2470,,
Casino,2470,,
Coombell,2470,,
Dobies Bight,2470,,
Doubtful Creek,2470,,
Dyraaba,2470,,
Ellangowan,2470,,
Fairy Hill,2470,,
Irvington,2470,,
Leeville,2470,,
Lower Dyraaba,2470,,
Mongogarie,2470,,
Naughtons Gap,2470,,
North Casino,2470,,
Piora,2470,,
Sextonville,2470,,
Shannon Brook,2470,,
Spring Grove,2470,,
Stratheden,2470,,
Tomki,2470,,
Upper Mongogarie,2470,,
Woodview,2470,,
Woolners Arm,2470,,
Yorklea,2470,,
Bora Ridge,2471,,
Codrington,2471,,
Coraki,2471,,
East Coraki,2471,,
Green Forest,2471,,
Greenridge,2471,,
North Woodburn,2471,,
Swan Bay,2471,,
Tatham,2471,,
West Bungawalbin,2471,,
West Coraki,2471,,
Broadwater,2472,,
Buckendoon,2472,,
Esk,2472,,
Kilgin,2472,,
New Italy,2472,,
Rileys Hill,2472,,
Tabbimoble,2472,,
The Gap,2472,,
Woodburn,2472,,
Doonbah,2473,,
Evans Head,2473,,
Afterlee,2474,,
Barkers Vale,2474,,
Border Ranges,2474,,
Cawongla,2474,,
Cedar Point,2474,,
Collins Creek,2474,,
Cougal,2474,,
Dairy Flat,2474,,
Eden Creek,2474,,
Edenville,2474,,
Ettrick,2474,,
Fawcetts Plain,2474,,
Findon Creek,2474,,
Geneva,2474,,
Ghinni Ghi,2474,,
Gradys Creek,2474,,
Green Pigeon,2474,,
Grevillia,2474,,
Homeleigh,2474,,
Horse Station Creek,2474,,
Horseshoe Creek,2474,,
Iron Pot Creek,2474,,
Kilgra,2474,,
Kyogle,2474,,
Little Back Creek,2474,,
Loadstone,2474,,
Lynchs Creek,2474,,
New Park,2474,,
Old Grevillia,2474,,
Roseberry,2474,,
Roseberry Creek,2474,,
Rukenvale,2474,,
Sawpit Creek,2474,,
Sherwood,2474,,
Smiths Creek,2474,,
Terrace Creek,2474,,
The Risk,2474,,
Toonumbar,2474,,
Unumgar,2474,,
Upper Eden Creek,2474,,
Upper Horseshoe Creek,2474,,
Wadeville,2474,,
Warrazambil Creek,2474,,
West Wiangaree,2474,,
Wiangaree,2474,,
Wyneden,2474,,
Tooloom,2475,,
Upper Tooloom,2475,,
Urbenville,2475,,
Acacia Creek,2476,,
Boomi Creek,2476,,
Brumby Plains,2476,,
Koreelah,2476,,
Legume,2476,,
Lindesay Creek,2476,,
Lower Acacia Creek,2476,,
Muli Muli,2476,,
The Glen,2476,,
Woodenbong,2476,,
Alstonvale,2477,,
Alstonville,2477,,
Bagotville,2477,,
Cabbage Tree Island,2477,,
Dalwood,2477,,
East Wardell,2477,,
Goat Island,2477,,
Lynwood,2477,,
Meerschaum Vale,2477,,
Pearces Creek,2477,,
Rous,2477,,
Rous Mill,2477,,
Tuckombil,2477,,
Uralba,2477,,
Wardell,2477,,
Wollongbar,2477,,
Ballina,2478,2021-02-21,99664165
Coolgardie,2478,2021-02-21,N/A
Cumbalum,2478,2021-02-21,99663999
East Ballina,2478,2021-02-21,99664056
Empire Vale,2478,2021-02-21,N/A
Keith Hall,2478,2021-02-21,N/A
Kinvara,2478,2021-02-21,N/A
Lennox Head,2478,,
Patchs Beach,2478,2021-02-21,N/A
Pimlico,2478,2021-02-21,N/A
Pimlico Island,2478,2021-02-21,N/A
Skennars Head,2478,2021-02-21,99664020
South Ballina,2478,2021-02-21,N/A
Teven,2478,,
Tintenbar,2478,,
West Ballina,2478,2021-02-21,99664110
Bangalow,2479,,
Binna Burra,2479,,
Brooklet,2479,,
Coopers Shoot,2479,,
Coorabell,2479,,
Fernleigh,2479,,
Knockrow,2479,,
Mcleods Shoot,2479,,
Nashua,2479,,
Newrybar,2479,,
Possum Creek,2479,,
Bentley,2480,,
Bexhill,2480,,
Blakebrook,2480,,
Blue Knob,2480,,
Boat Harbour,2480,,
Booerie Creek,2480,,
Boorabee Park,2480,,
Booyong,2480,,
Bungabbee,2480,,
Caniaba,2480,,
Chilcotts Grass,2480,,
Clovass,2480,,
Clunes,2480,,
Coffee Camp,2480,,
Corndale,2480,,
Dorroughby,2480,,
Dungarubba,2480,,
Dunoon,2480,,
East Lismore,2480,,
Eltham,2480,,
Eureka,2480,,
Federal,2480,,
Fernside,2480,,
Georgica,2480,,
Girards Hill,2480,,
Goolmangar,2480,,
Goonellabah,2480,,
Howards Grass,2480,,
Jiggi,2480,,
Keerrong,2480,,
Koonorigan,2480,,
Lagoon Grass,2480,,
Larnook,2480,,
Leycester,2480,,
Lillian Rock,2480,,
Lindendale,2480,,
Lismore,2480,,
Lismore Heights,2480,,
Loftville,2480,,
Marom Creek,2480,,
Mckees Hill,2480,,
Mcleans Ridges,2480,,
Modanville,2480,,
Monaltrie,2480,,
Mountain Top,2480,,
Nightcap,2480,,
Nimbin,2480,,
North Lismore,2480,,
Numulgi,2480,,
Repentance Creek,2480,,
Richmond Hill,2480,,
Rock Valley,2480,,
Rosebank,2480,,
Ruthven,2480,,
South Gundurimba,2480,,
South Lismore,2480,,
Stony Chute,2480,,
Terania Creek,2480,,
The Channon,2480,,
Tregeagle,2480,,
Tucki Tucki,2480,,
Tuckurimba,2480,,
Tullera,2480,,
Tuncester,2480,,
Tuntable Creek,2480,,
Whian Whian,2480,,
Woodlawn,2480,,
Wyrallah,2480,,
Broken Head,2481,,
Byron Bay,2481,,
Ewingsdale,2481,,
Hayters Hill,2481,,
Myocum,2481,,
Skinners Shoot,2481,,
Suffolk Park,2481,,
Talofa,2481,,
Tyagarah,2481,,
Goonengerry,2482,,
Huonbrook,2482,,
Koonyum Range,2482,,
Main Arm,2482,,
Montecollum,2482,,
Mullumbimby,2482,,
Mullumbimby Creek,2482,,
Palmwoods,2482,,
Upper Coopers Creek,2482,,
Upper Main Arm,2482,,
Upper Wilsons Creek,2482,,
Wanganui,2482,,
Wilsons Creek,2482,,
Billinudgel,2483,,
Brunswick Heads,2483,,
Burringbar,2483,,
Crabbes Creek,2483,,
Middle Pocket,2483,,
Mooball,2483,,
New Brighton,2483,,
Ocean Shores,2483,,
Sleepy Hollow,2483,,
South Golden Beach,2483,,
The Pocket,2483,,
Upper Burringbar,2483,,
Wooyung,2483,,
Yelgun,2483,,
Back Creek,2484,,
Bray Park,2484,,
Brays Creek,2484,,
Byangum,2484,,
Byrrill Creek,2484,,
Cedar Creek,2484,,
Chillingham,2484,,
Chowan Creek,2484,,
Clothiers Creek,2484,,
Commissioners Creek,2484,,
Condong,2484,,
Crystal Creek,2484,,
Cudgera Creek,2484,,
Doon Doon,2484,,
Dulguigan,2484,,
Dum Dum,2484,,
Dunbible,2484,,
Dungay,2484,,
Eungella,2484,,
Eviron,2484,,
Farrants Hill,2484,,
Fernvale,2484,,
Hopkins Creek,2484,,
Kielvale,2484,,
Kunghur,2484,,
Kunghur Creek,2484,,
Kynnumboon,2484,,
Limpinwood,2484,,
Mebbin,2484,,
Midginbil,2484,,
Mount Burrell,2484,,
Mount Warning,2484,,
Murwillumbah,2484,,
Nobbys Creek,2484,,
North Arm,2484,,
Numinbah,2484,,
Nunderi,2484,,
Palmvale,2484,,
Pumpenbil,2484,,
Reserve Creek,2484,,
Round Mountain,2484,,
Rowlands Creek,2484,,
Smiths Creek,2484,,
South Murwillumbah,2484,,
Stokers Siding,2484,,
Terragon,2484,,
Tomewin,2484,,
Tyalgum,2484,,
Tyalgum Creek,2484,,
Tygalgah,2484,,
Uki,2484,,
Upper Crystal Creek,2484,,
Urliup,2484,,
Wardrop Valley,2484,,
Zara,2484,,
Tweed Heads,2485,,
Tweed Heads West,2485,,
Banora Point,2486,,
Bilambil,2486,,
Bilambil Heights,2486,,
Bungalora,2486,,
Carool,2486,,
Cobaki,2486,,
Cobaki Lakes,2486,,
Duroby,2486,,
Glengarrie,2486,,
Piggabeen,2486,,
Terranora,2486,,
Tweed Heads South,2486,,
Upper Duroby,2486,,
Casuarina,2487,,
Chinderah,2487,,
Cudgen,2487,,
Duranbah,2487,,
Fingal Head,2487,,
Kings Forest,2487,,
Kingscliff,2487,,
Stotts Creek,2487,,
Bogangar,2488,,
Cabarita Beach,2488,,
Tanglewood,2488,,
Hastings Point,2489,,
Pottsville,2489,,
North Tumbulgum,2490,,
Tumbulgum,2490,,
Coniston,2500,,
Gwynneville,2500,,
Keiraville,2500,,
Mangerton,2500,,
Mount Keira,2500,,
Mount Saint Thomas,2500,,
North Wollongong,2500,,
Spring Hill,2500,,
West Wollongong,2500,,
Wollongong,2500,,
Cringila,2502,,
Lake Heights,2502,,
Primbee,2502,,
Warrawong,2502,,
Port Kembla,2505,,
Berkeley,2506,,
Coalcliff,2508,,
Darkes Forest,2508,,
Helensburgh,2508,,
Lilyvale,2508,,
Maddens Plains,2508,,
Otford,2508,,
Stanwell Park,2508,,
Stanwell Tops,2508,,
Woronora Dam,2508,,
Austinmer,2515,,
Clifton,2515,,
Coledale,2515,,
Scarborough,2515,,
Thirroul,2515,,
Wombarra,2515,,
Bulli,2516,,
Russell Vale,2517,,
Woonona,2517,,
Bellambi,2518,,
Corrimal,2518,,
East Corrimal,2518,,
Tarrawanna,2518,,
Towradgi,2518,,
Balgownie,2519,,
Fairy Meadow,2519,,
Fernhill,2519,,
Mount Ousley,2519,,
Mount Pleasant,2519,,
Figtree,2525,,
Cordeaux,2526,,
Cordeaux Heights,2526,,
Farmborough Heights,2526,,
Kembla Grange,2526,,
Kembla Heights,2526,,
Mount Kembla,2526,,
Unanderra,2526,,
Albion Park,2527,,
Albion Park Rail,2527,,
Calderwood,2527,,
Croom,2527,,
Tongarra,2527,,
Tullimbar,2527,,
Yellow Rock,2527,,
Barrack Heights,2528,,
Barrack Point,2528,,
Lake Illawarra,2528,,
Mount Warrigal,2528,,
Warilla,2528,,
Windang,2528,,
Blackbutt,2529,,
Dunmore,2529,,
Flinders,2529,,
Oak Flats,2529,,
Shell Cove,2529,,
Shellharbour,2529,,
Shellharbour City Centre,2529,,
Avondale,2530,,
Brownsville,2530,,
Cleveland,2530,,
Dapto,2530,,
Dombarton,2530,,
Haywards Bay,2530,,
Horsley,2530,,
Huntley,2530,,
Kanahooka,2530,,
Koonawarra,2530,,
Marshall Mount,2530,,
Wongawilli,2530,,
Yallah,2530,,
Bombo,2533,,
Curramore,2533,,
Jamberoo,2533,,
Jerrara,2533,,
Kiama,2533,,
Kiama Downs,2533,,
Kiama Heights,2533,,
Minnamurra,2533,,
Saddleback Mountain,2533,,
Broughton Village,2534,,
Foxground,2534,,
Gerringong,2534,,
Gerroa,2534,,
Rose Valley,2534,,
Toolijooa,2534,,
Werri Beach,2534,,
Willow Vale,2534,,
Back Forest,2535,,
Bellawongarah,2535,,
Berry,2535,,
Berry Mountain,2535,,
Brogers Creek,2535,,
Broughton,2535,,
Broughton Vale,2535,,
Budderoo,2535,,
Bundewallah,2535,,
Coolangatta,2535,,
Far Meadow,2535,,
Jaspers Brush,2535,,
Shoalhaven Heads,2535,,
Wattamolla,2535,,
Woodhill,2535,,
Batehaven,2536,,
Batemans Bay,2536,,
Benandarah,2536,,
Bimbimbie,2536,,
Buckenbowra,2536,,
Catalina,2536,,
Currowan,2536,,
Denhams Beach,2536,,
Depot Beach,2536,,
Durras North,2536,,
East Lynne,2536,,
Guerilla Bay,2536,,
Jeremadra,2536,,
Lilli Pilli,2536,,
Long Beach,2536,,
Maloneys Beach,2536,,
Malua Bay,2536,,
Mogo,2536,,
Nelligen,2536,,
North Batemans Bay,2536,,
Pebbly Beach,2536,,
Rosedale,2536,,
Runnyford,2536,,
South Durras,2536,,
Sunshine Bay,2536,,
Surf Beach,2536,,
Surfside,2536,,
Woodlands,2536,,
Bergalia,2537,,
Bingie,2537,,
Broulee,2537,,
Coila,2537,,
Congo,2537,,
Deua,2537,,
Deua River Valley,2537,,
Kiora,2537,,
Meringo,2537,,
Mogendoura,2537,,
Moruya,2537,,
Moruya Heads,2537,,
Mossy Point,2537,,
Tomakin,2537,,
Turlinjah,2537,,
Tuross Head,2537,,
Wamban,2537,,
Brooman,2538,,
Little Forest,2538,,
Milton,2538,,
Mogood,2538,,
Morton,2538,,
Porters Creek,2538,,
Woodburn,2538,,
Woodstock,2538,,
Bawley Point,2539,,
Bendalong,2539,,
Berringer Lake,2539,,
Burrill Lake,2539,,
Cockwhy,2539,,
Conjola,2539,,
Conjola Park,2539,,
Croobyar,2539,,
Cunjurong Point,2539,,
Dolphin Point,2539,,
Fishermans Paradise,2539,,
Kings Point,2539,,
Kioloa,2539,,
Lake Conjola,2539,,
Lake Tabourie,2539,,
Manyana,2539,,
Mollymook,2539,,
Mollymook Beach,2539,,
Mount Kingiman,2539,,
Narrawallee,2539,,
Pointer Mountain,2539,,
Pretty Beach,2539,,
Termeil,2539,,
Ulladulla,2539,,
Yadboro,2539,,
Yatte Yattah,2539,,
Bamarang,2540,,
Barringella,2540,,
Basin View,2540,,
Beecroft Peninsula,2540,,
Berrara,2540,,
Bewong,2540,,
Bolong,2540,,
Boolijah,2540,,
Bream Beach,2540,,
Browns Mountain,2540,,
Brundee,2540,,
Buangla,2540,,
Burrier,2540,,
Callala Bay,2540,,
Callala Beach,2540,,
Cambewarra,2540,,
Cambewarra Village,2540,,
Comberton,2540,,
Comerong Island,2540,,
Cudmirrah,2540,,
Culburra Beach,2540,,
Currarong,2540,,
Erowal Bay,2540,,
Ettrema,2540,,
Falls Creek,2540,,
Greenwell Point,2540,,
Huskisson,2540,,
Hyams Beach,2540,,
Illaroo,2540,,
Jerrawangala,2540,,
Jervis Bay,2540,,
Kinghorne,2540,,
Longreach,2540,,
Mayfield,2540,,
Meroo Meadow,2540,,
Mondayong,2540,,
Moollattoo,2540,,
Mundamia,2540,,
Myola,2540,,
Nowra Hill,2540,,
Numbaa,2540,,
Old Erowal Bay,2540,,
Orient Point,2540,,
Parma,2540,,
Pyree,2540,,
Sanctuary Point,2540,,
St Georges Basin,2540,,
Sussex Inlet,2540,,
Swanhaven,2540,,
Tallowal,2540,,
Tapitallee,2540,,
Terara,2540,,
Tomerong,2540,,
Tullarwalla,2540,,
Twelve Mile Peg,2540,,
Vincentia,2540,,
Wandandian,2540,,
Watersleigh,2540,,
Wollumboola,2540,,
Woollamia,2540,,
Worrigee,2540,,
Worrowing Heights,2540,,
Wrights Beach,2540,,
Yalwal,2540,,
Yerriyong,2540,,
Bangalee,2541,,
Bomaderry,2541,,
North Nowra,2541,,
Nowra,2541,,
South Nowra,2541,,
West Nowra,2541,,
Belowra,2545,,
Bodalla,2545,,
Cadgee,2545,,
Eurobodalla,2545,,
Nerrigundah,2545,,
Potato Point,2545,,
Akolele,2546,,
Barragga Bay,2546,,
Bermagui,2546,,
Central Tilba,2546,,
Corunna,2546,,
Cuttagee,2546,,
Dalmeny,2546,,
Dignams Creek,2546,,
Kianga,2546,,
Murrah,2546,,
Mystery Bay,2546,,
Narooma,2546,,
North Narooma,2546,,
Tilba Tilba,2546,,
Tinpot,2546,,
Wadbilliga,2546,,
Wallaga Lake,2546,,
Berrambool,2548,,
Bournda,2548,,
Merimbula,2548,,
Mirador,2548,,
Tura Beach,2548,,
Yellow Pinch,2548,,
Bald Hills,2549,,
Broadwater,2549,,
Greigs Flat,2549,,
Lochiel,2549,,
Millingandi,2549,,
Nethercote,2549,,
Pambula,2549,,
Pambula Beach,2549,,
South Pambula,2549,,
Angledale,2550,,
Bega,2550,,
Bemboka,2550,,
Black Range,2550,,
Brogo,2550,,
Buckajo,2550,,
Burragate,2550,,
Candelo,2550,,
Chinnock,2550,,
Cobargo,2550,,
Coolagolite,2550,,
Coolangubra,2550,,
Coopers Gully,2550,,
Devils Hole,2550,,
Doctor George Mountain,2550,,
Frogs Hollow,2550,,
Greendale,2550,,
Jellat Jellat,2550,,
Kalaru,2550,,
Kameruka,2550,,
Kanoona,2550,,
Kingswood,2550,,
Mogareeka,2550,,
Mogilla,2550,,
Morans Crossing,2550,,
Mumbulla Mountain,2550,,
Myrtle Mountain,2550,,
Nelson,2550,,
New Buildings,2550,,
Numbugga,2550,,
Pericoe,2550,,
Quaama,2550,,
Reedy Swamp,2550,,
Rocky Hall,2550,,
South Wolumla,2550,,
Stony Creek,2550,,
Tanja,2550,,
Tantawangalo,2550,,
Tarraganda,2550,,
Tathra,2550,,
Toothdale,2550,,
Towamba,2550,,
Verona,2550,,
Wallagoot,2550,,
Wandella,2550,,
Wapengo,2550,,
Wog Wog,2550,,
Wolumla,2550,,
Wyndham,2550,,
Yambulla,2550,,
Yankees Creek,2550,,
Yowrie,2550,,
Boydtown,2551,,
Eden,2551,,
Edrom,2551,,
Green Cape,2551,,
Kiah,2551,,
Nadgee,2551,,
Narrabarba,2551,,
Nullica,2551,,
Nungatta,2551,,
Nungatta South,2551,,
Timbillica,2551,,
Wonboyn,2551,,
Wonboyn North,2551,,
Badgerys Creek,2555,,
Bringelly,2556,,
Catherine Field,2557,,
Gledswood Hills,2557,,
Gregory Hills,2557,,
Rossmore,2557,,
Eagle Vale,2558,,
Eschol Park,2558,,
Kearns,2558,,
Blairmount,2559,,
Claymore,2559,,
Airds,2560,,
Ambarvale,2560,,
Appin,2560,,
Blair Athol,2560,,
Bradbury,2560,,
Campbelltown,2560,,
Cataract,2560,,
Englorie Park,2560,,
Gilead,2560,,
Glen Alpine,2560,,
Kentlyn,2560,,
Leumeah,2560,,
Rosemeadow,2560,,
Ruse,2560,,
St Helens Park,2560,,
Wedderburn,2560,,
Woodbine,2560,,
Menangle Park,2563,,
Long Point,2564,,
Macquarie Fields,2564,,
Bardia,2565,,
Denham Court,2565,,
Ingleburn,2565,,
Macquarie Links,2565,,
Bow Bowing,2566,,
Minto,2566,,
Minto Heights,2566,,
Raby,2566,,
St Andrews,2566,,
Varroville,2566,,
Currans Hill,2567,,
Harrington Park,2567,,
Mount Annan,2567,,
Narellan,2567,,
Narellan Vale,2567,,
Smeaton Grange,2567,,
Menangle,2568,,
Douglas Park,2569,,
Belimbla Park,2570,,
Bickley Vale,2570,,
Brownlow Hill,2570,,
Camden,2570,,
Camden Park,2570,,
Camden South,2570,,
Cawdor,2570,,
Cobbitty,2570,,
Elderslie,2570,,
Ellis Lane,2570,,
Glenmore,2570,,
Grasmere,2570,,
Kirkham,2570,,
Mount Hunter,2570,,
Nattai,2570,,
Oakdale,2570,,
Oran Park,2570,,
Orangeville,2570,,
Spring Farm,2570,,
The Oaks,2570,,
Theresa Park,2570,,
Werombi,2570,,
Balmoral,2571,,
Buxton,2571,,
Couridjah,2571,,
Maldon,2571,,
Mowbray Park,2571,,
Picton,2571,,
Razorback,2571,,
Wilton,2571,,
Lakesland,2572,,
Thirlmere,2572,,
Tahmoor,2573,,
Avon,2574,,
Bargo,2574,,
Pheasants Nest,2574,,
Yanderra,2574,,
Alpine,2575,,
Aylmerton,2575,,
Balaclava,2575,,
Braemar,2575,,
Bullio,2575,,
Colo Vale,2575,,
Goodmans Ford,2575,,
High Range,2575,,
Hill Top,2575,,
Joadja,2575,,
Mandemar,2575,,
Mittagong,2575,,
Mount Lindsey,2575,,
Renwick,2575,,
Wattle Ridge,2575,,
Welby,2575,,
Willow Vale,2575,,
Woodlands,2575,,
Yerrinbool,2575,,
Bowral,2576,,
Burradoo,2576,,
East Kangaloon,2576,,
Glenquarry,2576,,
Kangaloon,2576,,
Avoca,2577,,
Barren Grounds,2577,,
Barrengarry,2577,,
Beaumont,2577,,
Belanglo,2577,,
Berrima,2577,,
Budgong,2577,,
Burrawang,2577,,
Canyonleigh,2577,,
Carrington Falls,2577,,
Fitzroy Falls,2577,,
Kangaroo Valley,2577,,
Knights Hill,2577,,
Macquarie Pass,2577,,
Manchester Square,2577,,
Medway,2577,,
Meryla,2577,,
Moss Vale,2577,,
Mount Murray,2577,,
New Berrima,2577,,
Paddys River,2577,,
Red Rocks,2577,,
Robertson,2577,,
Sutton Forest,2577,,
Upper Kangaroo River,2577,,
Upper Kangaroo Valley,2577,,
Werai,2577,,
Wildes Meadow,2577,,
Bundanoon,2578,,
Big Hill,2579,,
Brayton,2579,,
Exeter,2579,,
Marulan,2579,,
Penrose,2579,,
Tallong,2579,,
Wingello,2579,,
Bannaby,2580,,
Bannister,2580,,
Baw Baw,2580,,
Boxers Creek,2580,,
Brisbane Grove,2580,,
Bungonia,2580,,
Carrick,2580,,
Chatsbury,2580,,
Currawang,2580,,
Curraweela,2580,,
Golspie,2580,,
Goulburn,2580,,
Greenwich Park,2580,,
Gundary,2580,,
Jerrong,2580,,
Kingsdale,2580,,
Lake Bathurst,2580,,
Lower Boro,2580,,
Mayfield,2580,,
Middle Arm,2580,,
Mount Fairy,2580,,
Mummel,2580,,
Myrtleville,2580,,
Paling Yards,2580,,
Parkesbourne,2580,,
Pomeroy,2580,,
Quialigo,2580,,
Richlands,2580,,
Roslyn,2580,,
Run-O-Waters,2580,,
Stonequarry,2580,,
Tarago,2580,,
Taralga,2580,,
Tarlo,2580,,
Tirrannaville,2580,,
Towrang,2580,,
Wayo,2580,,
Wiarborough,2580,,
Windellama,2580,,
Wombeyan Caves,2580,,
Woodhouselee,2580,,
Yalbraith,2580,,
Yarra,2580,,
Bellmount Forest,2581,,
Bevendale,2581,,
Biala,2581,,
Blakney Creek,2581,,
Breadalbane,2581,,
Broadway,2581,,
Collector,2581,,
Cullerin,2581,,
Dalton,2581,,
Gunning,2581,,
Gurrundah,2581,,
Lade Vale,2581,,
Lake George,2581,,
Lerida,2581,,
Merrill,2581,,
Oolong,2581,,
Wollogorang,2581,,
Bango,2582,,
Berremangra,2582,,
Boambolo,2582,,
Bookham,2582,,
Bowning,2582,,
Burrinjuck,2582,,
Cavan,2582,,
Good Hope,2582,,
Jeir,2582,,
Jerrawa,2582,,
Kangiara,2582,,
Laverstock,2582,,
Manton,2582,,
Marchmont,2582,,
Mullion,2582,,
Murrumbateman,2582,,
Nanima,2582,,
Narrangullen,2582,,
Wee Jasper,2582,,
Woolgarlo,2582,,
Yass,2582,,
Yass River,2582,,
Bigga,2583,,
Binda,2583,,
Crooked Corner,2583,,
Crookwell,2583,,
Fullerton,2583,,
Grabben Gullen,2583,,
Laggan,2583,,
Limerick,2583,,
Lost River,2583,,
Narrawa,2583,,
Peelwood,2583,,
Pejar,2583,,
Rugby,2583,,
Tuena,2583,,
Wheeo,2583,,
Binalong,2584,,
Galong,2585,,
Boorowa,2586,,
Frogmore,2586,,
Godfreys Creek,2586,,
Murringo,2586,,
Reids Flat,2586,,
Rye Park,2586,,
Taylors Flat,2586,,
Beggan Beggan,2587,,
Cunningar,2587,,
Harden,2587,,
Kingsvale,2587,,
McMahons Reef,2587,,
Murrumburrah,2587,,
Nubba,2587,,
Wombat,2587,,
Wallendbeen,2588,,
Bethungra,2590,,
Cootamundra,2590,,
Illabo,2590,,
Barwang,2594,,
Berthong,2594,,
Bribbaree,2594,,
Bulla Creek,2594,,
Burrangong,2594,,
Kikiamah,2594,,
Maimuru,2594,,
Memagong,2594,,
Milvale,2594,,
Monteagle,2594,,
Thuddungra,2594,,
Tubbul,2594,,
Weedallion,2594,,
Young,2594,,
Bimberi,2611,,
Brindabella,2611,,
Cooleman,2611,,
Uriarra,2611,,
Springrange,2618,,
Wallaroo,2618,,
Jerrabomberra,2619,,
Burra,2620,,
Carwoola,2620,,
Clear Range,2620,,
Crestwood,2620,,
Environa,2620,,
Googong,2620,,
Greenleigh,2620,,
Gundaroo,2620,,
Karabar,2620,,
Michelago,2620,,
Queanbeyan,2620,,
Queanbeyan East,2620,,
Queanbeyan West,2620,,
Royalla,2620,,
Sutton,2620,,
The Angle,2620,,
The Ridgeway,2620,,
Tinderry,2620,,
Tralee,2620,,
Urila,2620,,
Wamboin,2620,,
Williamsdale,2620,,
Yarrow,2620,,
Anembo,2621,,
Bungendore,2621,,
Bywong,2621,,
Forbes Creek,2621,,
Hoskinstown,2621,,
Primrose Valley,2621,,
Rossi,2621,,
Araluen,2622,,
Back Creek,2622,,
Ballalaba,2622,,
Bendoura,2622,,
Berlang,2622,,
Bombay,2622,,
Boro,2622,,
Braidwood,2622,,
Budawang,2622,,
Bulee,2622,,
Charleys Forest,2622,,
Coolumburra,2622,,
Corang,2622,,
Durran Durra,2622,,
Endrick,2622,,
Farringdon,2622,,
Harolds Cross,2622,,
Hereford Hall,2622,,
Jembaicumbene,2622,,
Jerrabattgulla,2622,,
Jinden,2622,,
Jingera,2622,,
Kindervale,2622,,
Krawarree,2622,,
Larbert,2622,,
Majors Creek,2622,,
Manar,2622,,
Marlowe,2622,,
Merricumbene,2622,,
Monga,2622,,
Mongarlowe,2622,,
Mulloon,2622,,
Murrengenburg,2622,,
Neringla,2622,,
Nerriga,2622,,
Northangera,2622,,
Oallen,2622,,
Palerang,2622,,
Quiera,2622,,
Reidsdale,2622,,
Sassafras,2622,,
Snowball,2622,,
St George,2622,,
Tianjara,2622,,
Tolwong,2622,,
Tomboye,2622,,
Touga,2622,,
Warri,2622,,
Wog Wog,2622,,
Wyanbene,2622,,
Captains Flat,2623,,
Blue Cow,2624,,
Charlotte Pass,2624,,
Guthega,2624,,
Munyang,2624,,
Perisher Valley,2624,,
Smiggin Holes,2624,,
Wilsons Valley,2624,,
Thredbo,2625,,
Bredbo,2626,,
Bumbalong,2626,,
Colinton,2626,,
Bullocks Flat,2627,,
Burrungubugge,2627,,
Crackenback,2627,,
Creel Bay,2627,,
East Jindabyne,2627,,
Grosses Plain,2627,,
Ingebirah,2627,,
Ingeegoodbee,2627,,
Jacobs River,2627,,
Jindabyne,2627,,
Kalkite,2627,,
Kosciuszko,2627,,
Moonbah,2627,,
Ngarigo,2627,,
Pilot Wilderness,2627,,
Avonside,2628,,
Beloka,2628,,
Berridale,2628,,
Braemar Bay,2628,,
Byadbo Wilderness,2628,,
Cootralantra,2628,,
Dalgety,2628,,
Eucumbene,2628,,
Hill Top,2628,,
Jimenbuen,2628,,
Nimmo,2628,,
Numbla Vale,2628,,
Paupong,2628,,
Rocky Plain,2628,,
Snowy Plain,2628,,
Adaminaby,2629,,
Anglers Reach,2629,,
Bolaro,2629,,
Broken Dam,2629,,
Cabramurra,2629,,
Gooandra,2629,,
Kiandra,2629,,
Long Plain,2629,,
Nungar,2629,,
Old Adaminaby,2629,,
Providence Portal,2629,,
Tantangara,2629,,
Tolbar,2629,,
Yaouk,2629,,
Arable,2630,,
Badja,2630,,
Billilingra,2630,,
Binjura,2630,,
Bobundara,2630,,
Buckenderra,2630,,
Bungarby,2630,,
Bunyan,2630,,
Carlaminda,2630,,
Chakola,2630,,
Coolringdon,2630,,
Cooma,2630,,
Countegany,2630,,
Dairymans Plains,2630,,
Dangelong,2630,,
Dry Plain,2630,,
Frying Pan,2630,,
Glen Fergus,2630,,
Ironmungy,2630,,
Jerangle,2630,,
Maffra,2630,,
Middle Flat,2630,,
Middlingbank,2630,,
Murrumbucca,2630,,
Myalla,2630,,
Numeralla,2630,,
Peak View,2630,,
Pine Valley,2630,,
Polo Flat,2630,,
Rhine Falls,2630,,
Rock Flat,2630,,
Rose Valley,2630,,
Shannons Flat,2630,,
Springfield,2630,,
The Brothers,2630,,
Tuross,2630,,
Wambrook,2630,,
Ando,2631,,
Boco,2631,,
Creewah,2631,,
Glen Allen,2631,,
Greenlands,2631,,
Holts Flat,2631,,
Jincumbilly,2631,,
Kybeyan,2631,,
Mount Cooper,2631,,
Nimmitabel,2631,,
Steeple Flat,2631,,
Winifred,2631,,
Bibbenluke,2632,,
Bombala,2632,,
Bondi Forest,2632,,
Bukalong,2632,,
Cambalong,2632,,
Cathcart,2632,,
Coolumbooka,2632,,
Craigie,2632,,
Gunningrah,2632,,
Lords Hill,2632,,
Merriangaah,2632,,
Mila,2632,,
Mount Darragh,2632,,
Paddys Flat,2632,,
Palarang,2632,,
Quidong,2632,,
Rockton,2632,,
Rosemeath,2632,,
Corrowong,2633,,
Delegate,2633,,
Tombong,2633,,
Albury,2640,,
Bungowannah,2640,,
East Albury,2640,,
Ettamogah,2640,,
Glenroy,2640,,
Moorwatha,2640,,
North Albury,2640,,
Ournie,2640,,
South Albury,2640,,
Splitters Creek,2640,,
Table Top,2640,,
Talmalmo,2640,,
Thurgoona,2640,,
West Albury,2640,,
Wirlinga,2640,,
Wymah,2640,,
Hamilton Valley,2641,,
Lavington,2641,,
Springdale Heights,2641,,
Bidgeemia,2642,,
Brocklesby,2642,,
Burrumbuttock,2642,,
Geehi,2642,,
Gerogery,2642,,
Glenellen,2642,,
Greg Greg,2642,,
Indi,2642,,
Jagumba,2642,,
Jagungal Wilderness,2642,,
Jindera,2642,,
Jingellic,2642,,
Khancoban,2642,,
Murray Gorge,2642,,
Rand,2642,,
Tooma,2642,,
Walbundrie,2642,,
Welaregang,2642,,
Wrathall,2642,,
Yerong Creek,2642,,
Howlong,2643,,
Bowna,2644,,
Coppabella,2644,,
Holbrook,2644,,
Lankeys Creek,2644,,
Little Billabong,2644,,
Mountain Creek,2644,,
Mullengandra,2644,,
Wantagong,2644,,
Woomargama,2644,,
Yarara,2644,,
Cullivel,2645,,
Urana,2645,,
Balldale,2646,,
Collendina,2646,,
Coreen,2646,,
Corowa,2646,,
Daysdale,2646,,
Goombargana,2646,,
Hopefield,2646,,
Lowesdale,2646,,
Nyora,2646,,
Oaklands,2646,,
Redlands,2646,,
Rennie,2646,,
Ringwood,2646,,
Sanger,2646,,
Savernake,2646,,
Mulwala,2647,,
Anabranch North,2648,2021-06-05,N/A
Anabranch South,2648,2021-06-05,N/A
Curlwaa,2648,,
Ellerslie,2648,2021-06-05,N/A
Moorara,2648,2021-06-05,N/A
Pan Ban,2648,,
Para,2648,2021-06-05,N/A
Pine Camp,2648,2021-06-05,N/A
Pomona,2648,,
Pooncarie,2648,2021-06-05,N/A
Rufus,2648,2021-02-14,N/A
Scotia,2648,,
Wentworth,2648,,
Laurel Hill,2649,,
Nurenmerenmong,2649,,
Alfredtown,2650,,
Ashmont,2650,,
Belfrayden,2650,,
Big Springs,2650,,
Bomen,2650,,
Book Book,2650,,
Boorooma,2650,,
Borambola,2650,,
Bourkelands,2650,,
Brucedale,2650,,
Bulgary,2650,,
Burrandana,2650,,
Carabost,2650,,
Cartwrights Hill,2650,,
Collingullie,2650,,
Cookardinia,2650,,
Currawarna,2650,,
Dhulura,2650,,
Downside,2650,,
East Wagga Wagga,2650,,
Estella,2650,,
Euberta,2650,,
Eunanoreenya,2650,,
Galore,2650,,
Gelston Park,2650,,
Glenfield Park,2650,,
Gobbagombalin,2650,,
Gregadoo,2650,,
Harefield,2650,,
Hillgrove,2650,,
Kooringal,2650,,
Kyeamba,2650,,
Lake Albert,2650,,
Lloyd,2650,,
Maxwell,2650,,
Moorong,2650,,
Mount Austin,2650,,
North Wagga Wagga,2650,,
Oberne Creek,2650,,
Oura,2650,,
Pulletop,2650,,
Rowan,2650,,
San Isidore,2650,,
Springvale,2650,,
Tatton,2650,,
The Gap,2650,,
Tolland,2650,,
Turvey Park,2650,,
Wagga Wagga,2650,,
Wallacetown,2650,,
Wantabadgery,2650,,
Yarragundry,2650,,
Yathella,2650,,
Forest Hill,2651,,
Boorga,2652,,
Boree Creek,2652,,
Cowabbie,2652,,
Goolgowi,2652,,
Grong Grong,2652,,
Gumly Gumly,2652,,
Humula,2652,,
Ladysmith,2652,,
Landervale,2652,,
Mangoplah,2652,,
Marrar,2652,,
Matong,2652,,
Merriwagga,2652,,
Murrulebale,2652,,
Old Junee,2652,,
Rosewood,2652,,
Tabbita,2652,,
Tarcutta,2652,,
Uranquinty,2652,,
Burra,2653,,
Courabyra,2653,,
Glenroy,2653,,
Mannus,2653,,
Maragle,2653,,
Munderoo,2653,,
Paddys River,2653,,
Taradale,2653,,
Tumbarumba,2653,,
Westdale,2653,,
Willigobung,2653,,
French Park,2655,,
The Rock,2655,,
Tootool,2655,,
Brookdale,2656,,
Brookong,2656,,
Fargunyah,2656,,
Lockhart,2656,,
Milbrulong,2656,,
Osborne,2656,,
Urangeline,2656,,
Urangeline East,2656,,
Henty,2658,,
Munyabla,2658,,
Pleasant Hills,2658,,
Ryan,2658,,
Alma Park,2659,,
Walla Walla,2659,,
Culcairn,2660,,
Morven,2660,,
Kapooka,2661,,
Erin Vale,2663,,
Eurongilly,2663,,
Junee,2663,,
Marinna,2663,,
Wantiool,2663,,
Ardlethan,2665,,
Ariah Park,2665,,
Barellan,2665,,
Beckom,2665,,
Bectric,2665,,
Binya,2665,,
Kamarah,2665,,
Mirrool,2665,,
Moombooldool,2665,,
Quandary,2665,,
Tara,2665,,
Walleroobie,2665,,
Combaning,2666,,
Dirnaseer,2666,,
Gidginbung,2666,,
Grogan,2666,,
Junee Reefs,2666,,
Mimosa,2666,,
Morangarell,2666,,
Narraburra,2666,,
Pucawan,2666,,
Reefton,2666,,
Sebastopol,2666,,
Springdale,2666,,
Temora,2666,,
Trungley Hall,2666,,
Barmedman,2668,,
Erigolia,2669,,
Girral,2669,,
Kikoira,2669,,
Melbergen,2669,,
Naradhan,2669,,
Rankins Springs,2669,,
Tallimba,2669,,
Tullibigeal,2669,,
Ungarie,2669,,
Weethalle,2669,,
Alleena,2671,,
Back Creek,2671,,
Burcher,2671,,
Lake Cowal,2671,,
North Yalgogrin,2671,,
West Wyalong,2671,,
Wyalong,2671,,
Curlew Waters,2672,,
Lake Cargelligo,2672,,
Murrin Bridge,2672,,
Hillston,2675,,
Lake Brewster,2675,,
Monia Gap,2675,,
Roto,2675,,
Wallanthery,2675,,
Charles Sturt University,2678,,
Beelbangera,2680,,
Benerembah,2680,,
Bilbul,2680,,
Griffith,2680,,
Hanwood,2680,,
Kooba,2680,,
Lake Wyangan,2680,,
Nericon,2680,,
Tharbogang,2680,,
Warburn,2680,,
Warrawidgee,2680,,
Widgelli,2680,,
Willbriggie,2680,,
Yoogali,2680,,
Myall Park,2681,,
Yenda,2681,,
Bundure,2700,,
Colinroobie,2700,,
Corobimilla,2700,,
Cudgel,2700,,
Euroley,2700,,
Gillenbah,2700,,
Morundah,2700,,
Narrandera,2700,,
Sandigo,2700,,
Berry Jerry,2701,,
Coolamon,2701,,
Methul,2701,,
Rannock,2701,,
Ganmain,2702,,
Yanco,2703,,
Brobenah,2705,,
Corbie Hill,2705,,
Gogeldrie,2705,,
Leeton,2705,,
Merungle Hill,2705,,
Murrami,2705,,
Stanbridge,2705,,
Whitton,2705,,
Darlington Point,2706,,
Argoon,2707,,
Coleambally,2707,,
Barratta,2710,,
Birganbigil,2710,,
Booroorban,2710,,
Bullatale,2710,,
Caldwell,2710,,
Calimo,2710,,
Conargo,2710,,
Coree,2710,,
Deniliquin,2710,,
Hartwood,2710,,
Lindifferon,2710,,
Mathoura,2710,,
Mayrung,2710,,
Moonbria,2710,,
Morago,2710,,
Pretty Pine,2710,,
Steam Plains,2710,,
Stud Park,2710,,
Wakool,2710,,
Wandook,2710,,
Wanganella,2710,,
Warragoon,2710,,
Willurah,2710,,
Booligal,2711,,
Carrathool,2711,,
Clare,2711,,
Corrong,2711,,
Gunbar,2711,,
Hay,2711,,
Hay South,2711,,
Keri Keri,2711,,
Maude,2711,,
One Tree,2711,,
Oxley,2711,,
Waugorah,2711,,
Yanga,2711,,
Berrigan,2712,,
Boomanoomana,2712,,
Blighty,2713,,
Finley,2713,,
Logie Brae,2713,,
Myrtle Park,2713,,
Aratula,2714,,
Pine Lodge,2714,,
Tocumwal,2714,,
Tuppal,2714,,
Arumpo,2715,,
Balranald,2715,,
Hatfield,2715,,
Kyalite,2715,,
Mungo,2715,,
Four Corners,2716,,
Gala Vale,2716,,
Jerilderie,2716,,
Mabins Well,2716,,
Mairjimmy,2716,,
Coomealla,2717,,
Dareton,2717,,
Argalong,2720,,
Blowering,2720,,
Bogong Peaks Wilderness,2720,,
Bombowlee,2720,,
Bombowlee Creek,2720,,
Buddong,2720,,
Couragago,2720,,
Gadara,2720,,
Gilmore,2720,,
Gocup,2720,,
Goobarragandra,2720,,
Jones Bridge,2720,,
Killimicat,2720,,
Lacmalac,2720,,
Little River,2720,,
Minjary,2720,,
Mundongo,2720,,
Pinbeyan,2720,,
Red Hill,2720,,
Talbingo,2720,,
Tumorrama,2720,,
Tumut,2720,,
Tumut Plains,2720,,
Wereboldera,2720,,
Wermatong,2720,,
Windowie,2720,,
Wyangle,2720,,
Yarrangobilly,2720,,
Bland,2721,,
Quandialla,2721,,
Brungle,2722,,
Brungle Creek,2722,,
Burra Creek,2722,,
Darbalara,2722,,
Gundagai,2722,,
Muttama,2722,,
Nangus,2722,,
Reno,2722,,
South Gundagai,2722,,
Stockinbingal,2725,,
Cooneys Creek,2726,,
Jugiong,2726,,
Adjungbilly,2727,,
Coolac,2727,,
Gobarralong,2727,,
Adelong,2729,,
Bangadang,2729,,
Black Creek,2729,,
Califat,2729,,
Cooleys Creek,2729,,
Darlow,2729,,
Ellerslie,2729,,
Grahamstown,2729,,
Mount Adrah,2729,,
Mount Horeb,2729,,
Mundarlo,2729,,
Sandy Gully,2729,,
Sharps Creek,2729,,
Tumblong,2729,,
Westwood,2729,,
Wondalga,2729,,
Yaven Creek,2729,,
Batlow,2730,,
Green Hills,2730,,
Kunama,2730,,
Lower Bago,2730,,
Bunnaloo,2731,,
Moama,2731,,
Tantonan,2731,,
Thyra,2731,,
Womboota,2731,,
Barham,2732,,
Burraboi,2732,,
Cobramunga,2732,,
Gonn,2732,,
Noorong,2732,,
Thule,2732,,
Tullakool,2732,,
Dhuragoon,2733,,
Moulamein,2733,,
Niemur,2733,,
Cunninyeuk,2734,,
Dilpurra,2734,,
Mallan,2734,,
Mellool,2734,,
Moolpa,2734,,
Murray Downs,2734,,
Stony Crossing,2734,,
Tooranie,2734,,
Wetuppa,2734,,
Koraleigh,2735,,
Speewa,2735,,
Goodnight,2736,,
Tooleybuc,2736,,
Euston,2737,,
Gol Gol,2738,,
Mallee,2738,,
Monak,2738,2021-06-05,N/A
Paringi,2738,2021-06-05,N/A
Trentham Cliffs,2738,,
Boeill Creek,2739,,
Buronga,2739,,
Mourquong,2739,,
Glenmore Park,2745,,
Greendale,2745,,
Luddenham,2745,,
Mulgoa,2745,,
Regentville,2745,,
Wallacia,2745,,
Caddens,2747,,
Cambridge Gardens,2747,,
Cambridge Park,2747,,
Claremont Meadows,2747,,
Jordan Springs,2747,,
Kingswood,2747,,
Llandilo,2747,,
Shanes Park,2747,,
Werrington,2747,2021-11-12,113683769
Werrington County,2747,2021-11-12,113683769
Werrington Downs,2747,2021-11-12,113683769
Orchard Hills,2748,,
Castlereagh,2749,,
Cranebrook,2749,,
Emu Heights,2750,,
Emu Plains,2750,,
Jamisontown,2750,,
Leonay,2750,,
Penrith,2750,,
South Penrith,2750,,
Silverdale,2752,,
Warragamba,2752,,
Agnes Banks,2753,,
Bowen Mountain,2753,,
Grose Vale,2753,,
Grose Wold,2753,,
Hobartville,2753,,
Londonderry,2753,,
Richmond,2753,,
Richmond Lowlands,2753,,
Yarramundi,2753,,
North Richmond,2754,,
Tennyson,2754,,
The Slopes,2754,,
Bligh Park,2756,,
Cattai,2756,,
Central Colo,2756,,
Clarendon,2756,,
Colo,2756,,
Colo Heights,2756,,
Cornwallis,2756,,
Cumberland Reach,2756,,
Ebenezer,2756,,
Freemans Reach,2756,,
Glossodia,2756,,
Lower Portland,2756,,
Maroota,2756,,
McGraths Hill,2756,,
Mellong,2756,,
Mulgrave,2756,,
Pitt Town,2756,,
Pitt Town Bottoms,2756,,
Sackville,2756,,
Sackville North,2756,,
Scheyville,2756,,
South Maroota,2756,,
South Windsor,2756,,
Upper Colo,2756,,
Wilberforce,2756,,
Windsor,2756,,
Windsor Downs,2756,,
Womerah,2756,,
Kurmond,2757,,
Berambing,2758,,
Bilpin,2758,,
Blaxlands Ridge,2758,,
East Kurrajong,2758,,
Kurrajong,2758,,
Kurrajong Heights,2758,,
Kurrajong Hills,2758,,
Mount Tomah,2758,,
Mountain Lagoon,2758,,
The Devils Wilderness,2758,,
Wheeny Creek,2758,,
Erskine Park,2759,,
St Clair,2759,2021-02-14,N/A
Colyton,2760,,
North St Marys,2760,,
Oxley Park,2760,,
Ropes Crossing,2760,,
St Marys,2760,,
Colebee,2761,,
Dean Park,2761,,
Glendenning,2761,,
Hassall Grove,2761,,
Oakhurst,2761,,
Plumpton,2761,,
Schofields,2762,,
Tallawong,2762,,
Acacia Gardens,2763,,
Nirimba Fields,2763,,
Quakers Hill,2763,,
Angus,2765,,
Berkshire Park,2765,,
Box Hill,2765,,
Gables,2765,,
Grantham Farm,2765,,
Maraylya,2765,,
Marsden Park,2765,,
Melonba,2765,,
Nelson,2765,,
Oakville,2765,,
Richards,2765,,
Riverstone,2765,,
Vineyard,2765,,
Eastern Creek,2766,,
Rooty Hill,2766,,
Bungarribee,2767,,
Doonside,2767,,
Woodcroft,2767,,
Glenwood,2768,,
Parklea,2768,,
Stanhope Gardens,2768,,
The Ponds,2769,,
Bidwill,2770,,
Blackett,2770,,
Dharruk,2770,,
Emerton,2770,,
Hebersham,2770,,
Lethbridge Park,2770,,
Minchinbury,2770,,
Mount Druitt,2770,,
Shalvey,2770,,
Tregear,2770,,
Whalan,2770,,
Willmot,2770,,
Glenbrook,2773,,
Lapstone,2773,,
Blaxland,2774,,
Mount Riverview,2774,,
Warrimoo,2774,,
Central Macdonald,2775,,
Fernances,2775,,
Gunderman,2775,,
Higher Macdonald,2775,,
Laughtondale,2775,,
Leets Vale,2775,,
Lower Macdonald,2775,,
Marlow,2775,,
Mogo Creek,2775,,
Perrys Crossing,2775,,
Singletons Mill,2775,,
Spencer,2775,,
St Albans,2775,,
Upper Macdonald,2775,,
Webbs Creek,2775,,
Wisemans Ferry,2775,,
Wrights Creek,2775,,
Faulconbridge,2776,,
Hawkesbury Heights,2777,,
Springwood,2777,,
Sun Valley,2777,,
Valley Heights,2777,,
Winmalee,2777,,
Yellow Rock,2777,,
Linden,2778,,
Woodford,2778,,
Hazelbrook,2779,,
Katoomba,2780,2021-02-14,99239847
Leura,2780,2020-11-12,93954055
Medlow Bath,2780,2021-03-10,100749466
Wentworth Falls,2782,2021-03-10,100750423
Lawson,2783,2021-03-10,100751322
Bullaburra,2784,2021-03-10,100751544
Blackheath,2785,2020-10-26,93033406
Megalong Valley,2785,2021-03-10,N/A
Bell,2786,2021-03-10,N/A
Dargan,2786,2021-03-10,N/A
Mount Irvine,2786,2021-03-10,N/A
Mount Victoria,2786,2021-03-10,100751902
Mount Wilson,2786,2021-03-10,N/A
Black Springs,2787,,
Blue Mountains National Park,2787,,
Chatham Valley,2787,,
Duckmaloi,2787,,
Edith,2787,,
Essington,2787,,
Gingkin,2787,,
Gurnang,2787,,
Hazelgrove,2787,,
Jaunter,2787,,
Kanangra,2787,,
Mayfield,2787,,
Mount Olive,2787,,
Mount Werong,2787,,
Mozart,2787,,
Norway,2787,,
Oberon,2787,,
Porters Retreat,2787,,
Shooters Hill,2787,,
Tarana,2787,,
The Meadows,2787,,
Yerranderie,2787,,
Ben Bullen,2790,,
Blackmans Flat,2790,,
Bowenfels,2790,,
Clarence,2790,,
Cobar Park,2790,,
Corney Town,2790,,
Cullen Bullen,2790,,
Doctors Gap,2790,,
Ganbenang,2790,,
Good Forest,2790,,
Hampton,2790,,
Hartley,2790,,
Hartley Vale,2790,,
Hassans Walls,2790,,
Hermitage Flat,2790,,
Jenolan,2790,,
Kanimbla,2790,,
Lidsdale,2790,,
Lithgow,2790,,
Little Hartley,2790,,
Littleton,2790,,
Lowther,2790,,
Marrangaroo,2790,,
McKellars Park,2790,,
Morts Estate,2790,,
Mount Lambie,2790,,
Newnes,2790,,
Newnes Plateau,2790,,
Oakey Park,2790,,
Pottery Estate,2790,,
Rydal,2790,,
Sheedys Gully,2790,,
Sodwalls,2790,,
South Bowenfels,2790,,
South Littleton,2790,,
State Mine Gully,2790,,
Vale of Clwydd,2790,,
Wolgan Valley,2790,,
Wollangambe,2790,,
Carcoar,2791,,
Errowanbang,2791,,
Burnt Yards,2792,,
Mandurama,2792,,
Darbys Falls,2793,,
Roseberg,2793,,
Woodstock,2793,,
Bumbaldry,2794,,
Cowra,2794,,
Hovells Creek,2794,,
Mount Collins,2794,,
Wattamondara,2794,,
Abercrombie,2795,,
Abercrombie River,2795,,
Arkell,2795,,
Arkstone,2795,,
Bald Ridge,2795,,
Ballyroe,2795,,
Bathampton,2795,,
Bathurst,2795,,
Billywillinga,2795,,
Brewongle,2795,,
Bruinbun,2795,,
Burraga,2795,,
Caloola,2795,,
Charlton,2795,,
Clear Creek,2795,,
Colo,2795,,
Copperhannia,2795,,
Cow Flat,2795,,
Crudine,2795,,
Curragh,2795,,
Dark Corner,2795,,
Dog Rocks,2795,,
Dunkeld,2795,,
Duramana,2795,,
Eglinton,2795,,
Evans Plains,2795,,
Fitzgeralds Valley,2795,,
Forest Grove,2795,,
Fosters Valley,2795,,
Freemantle,2795,,
Gemalla,2795,,
Georges Plains,2795,,
Gilmandyke,2795,,
Glanmire,2795,,
Gormans Hill,2795,,
Gowan,2795,,
Hobbys Yards,2795,,
Isabella,2795,,
Jeremy,2795,,
Judds Creek,2795,,
Kelso,2795,,
Killongbutta,2795,2021-06-05,N/A
Kirkconnell,2795,,
Laffing Waters,2795,,
Limekilns,2795,,
Llanarth,2795,,
Locksley,2795,,
Meadow Flat,2795,,
Milkers Flat,2795,,
Millah Murrah,2795,2021-06-05,N/A
Mitchell,2795,,
Moorilda,2795,,
Mount David,2795,,
Mount Panorama,2795,,
Mount Rankin,2795,,
Napoleon Reef,2795,,
Newbridge,2795,,
O'Connell,2795,,
Orton Park,2795,,
Paling Yards,2795,,
Palmers Oaky,2795,,
Peel,2795,,
Perthville,2795,,
Raglan,2795,,
Robin Hill,2795,,
Rock Forest,2795,,
Rockley,2795,,
Rockley Mount,2795,,
Sofala,2795,2021-06-05,N/A
South Bathurst,2795,,
Stewarts Mount,2795,,
Sunny Corner,2795,,
Tannas Mount,2795,,
The Lagoon,2795,,
The Rocks,2795,,
Triangle Flat,2795,,
Trunkey Creek,2795,,
Turondale,2795,2021-06-05,N/A
Twenty Forests,2795,,
Upper Turon,2795,2021-06-05,N/A
Walang,2795,,
Wambool,2795,,
Wattle Flat,2795,2021-06-05,N/A
Watton,2795,,
West Bathurst,2795,,
White Rock,2795,,
Wiagdon,2795,,
Wimbledon,2795,,
Winburndale,2795,,
Windradyne,2795,,
Wisemans Creek,2795,,
Yarras,2795,,
Yetholme,2795,,
Garland,2797,,
Lyndhurst,2797,,
Forest Reefs,2798,,
Guyong,2798,,
Millthorpe,2798,,
Spring Terrace,2798,,
Tallwood,2798,,
Barry,2799,,
Blayney,2799,,
Browns Creek,2799,,
Fitzgeralds Mount,2799,,
Kings Plains,2799,,
Neville,2799,,
Vittoria,2799,,
Belgravia,2800,,
Boree,2800,,
Borenore,2800,,
Byng,2800,,
Cadia,2800,,
Canobolas,2800,,
Cargo,2800,,
Clergate,2800,2021-06-05,N/A
Clifton Grove,2800,,
Emu Swamp,2800,,
Four Mile Creek,2800,,
Huntley,2800,,
Kangaroobie,2800,,
Kerrs Creek,2800,2021-06-05,N/A
Lewis Ponds,2800,,
Lidster,2800,,
Lower Lewis Ponds,2800,2021-06-05,N/A
Lucknow,2800,,
March,2800,2021-06-05,N/A
Mullion Creek,2800,2021-06-05,N/A
Nashdale,2800,,
Ophir,2800,2021-06-05,N/A
Orange,2800,,
Panuara,2800,,
Shadforth,2800,,
Spring Creek,2800,,
Spring Hill,2800,,
Springside,2800,,
Summer Hill Creek,2800,,
Waldegrave,2800,,
Windera,2800,,
Bendick Murrell,2803,,
Crowther,2803,,
Wirrimah,2803,,
Billimari,2804,,
Canowindra,2804,,
Moorbel,2804,,
Nyrang Creek,2804,,
Gooloogong,2805,,
Eugowra,2806,,
Koorawatha,2807,,
Wyangala,2808,,
Greenethorpe,2809,,
Bimbi,2810,,
Caragabal,2810,,
Glenelg,2810,,
Grenfell,2810,,
Piney Range,2810,,
Pinnacle,2810,,
Pullabooka,2810,,
Warraderry,2810,,
Tonderburine,2817,,
Tooraweenah,2817,,
Benolong,2818,,
Geurie,2818,,
Ponto,2818,,
Terrabella,2818,,
Apsley,2820,,
Arthurville,2820,,
Bakers Swamp,2820,,
Bodangora,2820,,
Comobella,2820,,
Curra Creek,2820,,
Dripstone,2820,,
Farnham,2820,,
Gollan,2820,,
Lake Burrendong,2820,,
Maryvale,2820,,
Montefiores,2820,,
Mookerawa,2820,2021-06-05,N/A
Mount Aquila,2820,2021-06-05,N/A
Mount Arthur,2820,,
Mumbil,2820,,
Neurea,2820,,
Spicers Creek,2820,,
Stuart Town,2820,,
Suntop,2820,,
Walmer,2820,,
Wellington,2820,,
Wuuluman,2820,,
Yarragal,2820,,
Burroway,2821,,
Narromine,2821,,
Balladoran,2822,,
Eumungerie,2822,,
Bundemar,2823,,
Cathundral,2823,,
Dandaloo,2823,,
Gin Gin,2823,,
Trangie,2823,,
Beemunnel,2824,,
Bullagreen,2824,,
Eenaweena,2824,,
Marthaguy,2824,,
Mount Foster,2824,,
Mount Harris,2824,,
Mumblebone Plain,2824,,
Oxley,2824,,
Pigeonbah,2824,,
Pine Clump,2824,,
Ravenswood,2824,,
Red Hill,2824,,
Snakes Plain,2824,,
Tenandra,2824,,
Warren,2824,,
Babinda,2825,,
Buddabadah,2825,,
Canonba,2825,,
Honeybugle,2825,,
Miandetta,2825,,
Mulla,2825,,
Mullengudgery,2825,,
Murrawombie,2825,,
Nyngan,2825,,
Pangee,2825,,
Bogan,2826,,
Nevertire,2826,,
Bearbong,2827,,
Biddon,2827,,
Breelong,2827,,
Collie,2827,,
Curban,2827,,
Gilgandra,2827,,
Merrigal,2827,,
Armatree,2828,,
Black Hollow,2828,,
Bourbah,2828,,
Gulargambone,2828,,
Mount Tenandra,2828,,
Quanda,2828,,
Warrumbungle,2828,,
Billeroy,2829,,
Combara,2829,,
Conimbia,2829,,
Coonamble,2829,,
Gilgooma,2829,,
Gungalman,2829,,
Magometon,2829,,
Nebea,2829,,
Pine Grove,2829,,
Teridgerie,2829,,
Tooloon,2829,,
Urawilkie,2829,,
Wingadee,2829,,
Ballimore,2830,,
Brocklehurst,2830,,
Dubbo,2830,,
Goonoo Forest,2830,,
Kickabil,2830,,
Minore,2830,,
Mogriguy,2830,,
Rawsonville,2830,,
Terramungamine,2830,,
Toongi,2830,,
Wambangalang,2830,,
Byrock,2831,,
Carinda,2831,,
Coolabah,2831,2021-11-16,113805592
Elong Elong,2831,,
Girilambone,2831,,
Hermidale,2831,,
Macquarie Marshes,2831,,
Merrygoen,2831,,
Neilrex,2831,,
Nymagee,2831,,
Quambone,2831,,
The Marra,2831,,
Wongarbon,2831,,
Come By Chance,2832,,
Cryon,2832,,
Cumborah,2832,,
Grawin Opal Fields,2832,,
Walgett,2832,,
Collarenebri,2833,,
Angledool,2834,2021-02-14,N/A
Lightning Ridge,2834,2021-02-14,99238993
Bulla,2835,,
Canbelego,2835,,
Cobar,2835,,
Cubba,2835,,
Gilgunnia,2835,,
Irymple,2835,,
Kerrigundi,2835,,
Kulwin,2835,,
Noona,2835,,
Sandy Creek,2835,,
Tindarey,2835,,
White Cliffs,2836,,
Wilcannia,2836,,
Goodooga,2838,,
Brewarrina,2839,2021-11-16,113806157
Collerina,2839,,
Gongolgon,2839,2021-11-16,113805895
Narran Lake,2839,,
Talawanta,2839,,
Weilmoringle,2839,,
Barringun,2840,2021-06-05,N/A
Bourke,2840,,
Enngonia,2840,2021-06-05,N/A
Fords Bridge,2840,,
Gumbalie,2840,,
Gunderbooka,2840,,
Hungerford,2840,,
Louth,2840,,
North Bourke,2840,,
Tilpa,2840,,
Wanaaring,2840,,
Yantabulla,2840,,
Mendooran,2842,,
Mollyan,2842,,
Yarragrin,2842,,
Coolah,2843,,
Birriwa,2844,,
Cobbora,2844,,
Dunedoo,2844,,
Leadville,2844,,
Wallerawang,2845,,
Capertee,2846,,
Glen Davis,2846,,
Round Swamp,2846,,
Portland,2847,,
Brogans Creek,2848,,
Charbon,2848,,
Clandulla,2848,,
Kandos,2848,,
Bogee,2849,,
Breakfast Creek,2849,,
Budden,2849,2021-06-05,N/A
Bylong,2849,2021-06-05,N/A
Camboon,2849,,
Carwell,2849,,
Coggan,2849,2021-06-05,N/A
Coxs Creek,2849,,
Coxs Crown,2849,,
Dabee,2849,,
Dungeree,2849,,
Dunville Loop,2849,,
Ginghi,2849,,
Glen Alice,2849,,
Growee,2849,,
Kelgoola,2849,,
Lee Creek,2849,2021-06-05,N/A
Mount Marsden,2849,,
Murrumbo,2849,2021-06-05,N/A
Nullo Mountain,2849,,
Olinda,2849,,
Pinnacle Swamp,2849,,
Pyangle,2849,,
Rylstone,2849,,
Upper Bylong,2849,2021-06-05,N/A
Upper Growee,2849,,
Upper Nile,2849,,
Wirraba,2849,,
Aarons Pass,2850,,
Apple Tree Flat,2850,2021-06-05,N/A
Avisford,2850,2021-06-05,N/A
Bara,2850,,
Barigan,2850,,
Bocoble,2850,2021-06-05,N/A
Bombira,2850,,
Botobolar,2850,,
Buckaroo,2850,2021-06-05,N/A
Budgee Budgee,2850,,
Burrundulla,2850,,
Caerleon,2850,2021-06-05,N/A
Canadian Lead,2850,,
Carcalgong,2850,,
Collingwood,2850,,
Cooks Gap,2850,,
Cooyal,2850,2021-06-05,N/A
Cross Roads,2850,,
Cudgegong,2850,,
Cullenbone,2850,,
Cumbo,2850,2021-06-05,N/A
Erudgere,2850,,
Eurunderee,2850,2021-06-05,N/A
Frog Rock,2850,2021-06-05,N/A
Galambine,2850,,
Grattai,2850,2021-06-05,N/A
Green Gully,2850,2021-06-05,N/A
Hargraves,2850,2021-06-05,N/A
Havilah,2850,2021-06-05,N/A
Hayes Gap,2850,,
Hill End,2850,,
Home Rule,2850,,
Ilford,2850,,
Kains Flat,2850,,
Linburn,2850,,
Lue,2850,,
Maitland Bar,2850,2021-06-05,N/A
Menah,2850,,
Meroo,2850,2021-06-05,N/A
Milroy,2850,2021-06-05,N/A
Mogo,2850,,
Monivae,2850,,
Moolarben,2850,2021-06-05,N/A
Mount Frome,2850,2021-06-05,N/A
Mount Knowles,2850,,
Mudgee,2850,,
Mullamuddy,2850,,
Munghorn,2850,2021-06-05,N/A
Piambong,2850,,
Putta Bucca,2850,,
Pyramul,2850,2021-06-05,N/A
Queens Pinch,2850,2021-06-05,N/A
Riverlea,2850,2021-06-05,N/A
Running Stream,2850,,
Sallys Flat,2850,2021-06-05,N/A
Spring Flat,2850,,
St Fillans,2850,,
Stony Creek,2850,2021-06-05,N/A
Tambaroora,2850,,
Tichular,2850,,
Totnes Valley,2850,,
Triamble,2850,2021-06-05,N/A
Turill,2850,,
Twelve Mile,2850,,
Ulan,2850,,
Ullamalla,2850,2021-06-05,N/A
Wilbetree,2850,,
Wilpinjong,2850,,
Windeyer,2850,2021-06-05,N/A
Wollar,2850,2021-06-05,N/A
Worlds End,2850,2021-06-05,N/A
Yarrabin,2850,2021-06-05,N/A
Yarrawonga,2850,,
Barneys Reef,2852,,
Beryl,2852,,
Bungaba,2852,,
Cope,2852,,
Cumbandry,2852,,
Goolma,2852,,
Gulgong,2852,,
Guntawang,2852,,
Mebul,2852,,
Merotherie,2852,,
Stubbo,2852,,
Tallawang,2852,,
Two Mile Flat,2852,,
Bowan Park,2864,,
Cudal,2864,,
Murga,2864,,
Toogong,2864,,
Bocobra,2865,,
Gumble,2865,,
Manildra,2865,,
Amaroo,2866,,
Boomey,2866,,
Cundumbul,2866,,
Euchareena,2866,2021-06-05,N/A
Garra,2866,,
Larras Lee,2866,,
Molong,2866,,
Baldry,2867,,
Cumnock,2867,,
Eurimbla,2867,,
Yullundry,2867,,
Bournewood,2868,,
North Yeoval,2868,,
Obley,2868,,
Yeoval,2868,,
Peak Hill,2869,,
Tomingley,2869,,
Trewilga,2869,,
Alectown,2870,,
Bumberry,2870,,
Cookamidgera,2870,,
Cooks Myalls,2870,,
Daroobalgie,2870,,
Goonumbla,2870,,
Mandagery,2870,,
Parkes,2870,,
Tichborne,2870,,
Bedgerabong,2871,,
Corinella,2871,,
Fairholme,2871,,
Forbes,2871,,
Garema,2871,,
Gunning Gap,2871,,
Jemalong,2871,,
Mulyandry,2871,,
Ooma,2871,,
Paytens Bridge,2871,,
Warroo,2871,,
Wirrinya,2871,,
Albert,2873,,
Five Ways,2873,,
Miamley,2873,,
Tottenham,2873,,
Tullamore,2874,,
Bruie Plains,2875,,
Fifield,2875,,
Ootha,2875,,
Trundle,2875,,
Yarrabandai,2875,,
Bogan Gate,2876,,
Gunningbland,2876,,
Nelungaloo,2876,,
Bobadah,2877,,
Boona Mount,2877,,
Condobolin,2877,,
Derriwong,2877,,
Eremerang,2877,,
Euabalong,2877,,
Euabalong West,2877,,
Kiacatoo,2877,,
Mount Hope,2877,,
Mulguthrie,2877,,
Ivanhoe,2878,,
Mossgiel,2878,,
Menindee,2879,2021-06-05,N/A
Sunset Strip,2879,2021-06-05,N/A
Broken Hill,2880,,
Broughams Gate,2880,2021-06-05,N/A
Fowlers Gap,2880,,
Little Topar,2880,,
Milparinka,2880,2021-06-05,N/A
Mutawintji,2880,2021-06-05,N/A
Packsaddle,2880,2021-06-05,N/A
Silverton,2880,2021-06-05,N/A
Tibooburra,2880,2021-02-14,N/A
Lord Howe Island,2898,2021-02-14,N/A
Ku-ring-gai Chase,N/A,,
North Harbour,N/A,,
